Review,giai_tri,luu_tru,nha_hang,an_uong,di_chuyen,mua_sam,pred_giai_tri,pred_luu_tru,pred_nha_hang,pred_an_uong,pred_di_chuyen,pred_mua_sam,error_type
"View ráº¥t ráº¥t Ä‘áº¹p nha má»i ngÆ°á»i má»i ngÆ°á»i chá»¥p hÃ¬nh hoÃ ng hÃ´n nÃªn tá»›i Ä‘Ã¢y nha view Ä‘áº¹p, thoÃ¡ng, mÃ¡t!!! ÄÃ¢y lÃ  first option cá»§a mÃ¬nh náº¿u muá»‘n Ä‘i rooftop bar",4,0,0,0,0,0,0.0,5.0,0.0,0.0,0.0,0.0,giai_tri luu_tru 
"Gáº§n trung tÃ¢m , Ä‘i bá»™ ra bÃ£i biá»ƒn ráº¥t gáº§n",0,0,0,0,4,0,0.0,4.0,0.0,0.0,0.0,0.0,luu_tru di_chuyen 
"SÃ¢n bay má»›i vÃ  sáº¡ch, nhÃ¢n viÃªn sÃ¢n bay tÆ°Æ¡ng Ä‘á»‘i thÃ¢n thiá»‡n. CÃ¡c dá»‹ch vá»¥ phÃ²ng sÃ¢n bay khÃ´ng quÃ¡ phong phÃº, chá»§ yáº¿u lÃ  hÃ ng lÆ°u niá»‡m vÃ  thá»©c Äƒn nhanh.
",0,0,0,0,4,3,0.0,0.0,0.0,4.0,3.0,0.0,an_uong mua_sam 
"Gia Ä‘Ã¬nh mÃ¬nh vá»«a tá»›i FLC Quy NhÆ¡n tuáº§n trÆ°á»›c vÃ  Äƒn á»Ÿ nhÃ  hÃ ng 3 ngÃ y. Náº¥u Äƒn ráº¥t ngon. Háº£i sáº£n tÆ°Æ¡i sá»‘ng Ä‘a dáº¡ng, giÃ¡ cáº£ pháº£i chÄƒng. NhÃ¢n viÃªn lá»… phÃ©p, phá»¥c vá»¥ nhiá»‡t tÃ¬nh. ÄÆ°á»£c Ä‘Æ°a Ä‘Ã³n tá»« FLC luÃ´n. Chia sáº» Ä‘á»ƒ má»i ngÆ°á»i ghÃ© thá»­ vÃ  tá»± cáº£m nháº­n nhÃ©. Ráº¥t hÃ i lÃ²ng.",0,0,5,5,5,0,0.0,0.0,5.0,5.0,0.0,0.0,di_chuyen 
"Tháº­t khÃ³ Ä‘á»ƒ cÃ¢n báº±ng giá»¯a thá»i gian dÃ nh cho gia Ä‘Ã¬nh, Ä‘i chÆ¡i vá»›i báº¡n bÃ¨, Ä‘á»“ Äƒn lÃ nh máº¡nh vÃ  thÃ¢n thiá»‡n vá»›i tráº» em. NhÃ  mÃ¡y lá»c dáº§u hoÃ n toÃ n náº±m trong danh sÃ¡ch cá»§a tÃ´i vÃ¬ nhu cáº§u khÃ³ khÄƒn Ä‘Ã³. Lá»±a chá»n bá»¯a sÃ¡ng muá»™n lÃ nh máº¡nh, diá»‡n tÃ­ch rá»™ng rÃ£i dá»… dÃ ng vá»«a cho nhÃ³m báº¡n 15 ngÆ°á»i cá»§a chÃºng tÃ´i. TÃ´i thá»±c sá»± Ä‘Ã¡nh giÃ¡ cao gÃ³c dÃ nh cho tráº» em vá»›i má»™t báº£o máº«u táº­n tÃ¬nh chÆ¡i vá»›i tráº» em. VÃ  há» cÅ©ng cÃ³ lá»±a chá»n rÆ°á»£u tá»‘t.",0,0,5,0,0,0,0.0,0.0,0.0,4.0,0.0,0.0,nha_hang an_uong 
"Äi laÌ£i thuÃ¢Ì£n tiÃªÌ£n, xe maÌy cho thuÃª mÆ¡Ìi giaÌ phaÌ‰i chÄƒng. NhÃ¢n viÃªn hÃ´Ìƒ trÆ¡Ì£ nhiÃªÌ£t tiÌ€nh qua Ä‘iÃªÌ£n thoaÌ£i. PhoÌ€ng tÃ¢Ì€ng 2 view cÃ¢y phÆ°Æ¡Ì£ng tiÌm Ä‘eÌ£p.",0,5,0,0,0,0,0.0,5.0,0.0,0.0,4.0,0.0,di_chuyen 
"ÄÃ³ luÃ´n lÃ  má»™t dáº¥u hiá»‡u tá»‘t khi má»™t khÃ¡ch sáº¡n cÃ³ uy tÃ­n chá»‰ giá»›i thiá»‡u má»™t cÃ´ng ty taxi.
 ÄÃ¢y lÃ  má»™t trong nhá»¯ng Ä‘á» nghá»‹ cá»§a khÃ¡ch sáº¡n cá»§a chÃºng tÃ´i vÃ  chÃºng tÃ´i Ä‘Ã£ Ä‘Æ°a há» khi ra ngoÃ i vÃ  trong thÃ nh phá»‘. NhÃ¬n chung, chÃºng tÃ´i ráº¥t hÃ i lÃ²ng vá»›i dá»‹ch vá»¥ nháº­n Ä‘Æ°á»£c. LuÃ´n luÃ´n yÃªu cáº§u há» báº­t Ä‘á»“ng há»“ vÃ  khÃ´ng cháº¥p nháº­n má»™t sá»‘ ngáº«u nhiÃªn vÃ¬ Ä‘á»“ng há»“ sáº½ ráº» hÆ¡n 99% thá»i gian.",0,5,0,0,5,0,0.0,0.0,0.0,0.0,4.0,0.0,luu_tru 
"Tui o phong 308 ks muong thanh quy nhon. Ks qua te. Nem nam luong , men va nem nam rat ngua. May lanh thi hieu retech giong voi nhung ks binh dan . Voi cai gia phong 1560. Ks 4 sao ma kieu nay thi ko con gi de noi. Chia tay muong thanh quy nhon...",0,1,0,0,0,0,0.0,0.0,0.0,5.0,0.0,0.0,luu_tru an_uong 
View Ä‘áº¹p vÃ  nhÃ  hÃ ng cÃ³ 3 cáº¥p Ä‘á»™. Dá»‹ch vá»¥ tá»‘t. Thá»©c Äƒn ra nhanh chÃ³ng. Nhiá»u loáº¡i thá»±c pháº©m vÃ  nhiá»u lá»±a chá»n Äƒn chay. Bia hÆ¡i Ä‘áº¯t tiá»n ...,5,0,5,5,0,0,0.0,0.0,4.0,4.0,0.0,0.0,giai_tri 
"Dá»‹ch vá»¥ tÃ£i vinasun cam ranh nha trang quÃ¡ tá»‡, má»™t Ä‘iá»u hÃ nh cá»§a hÃ£ng tiáº¿p Ä‘Ã³n vÃ  thÆ°Æ¡ng lÆ°á»£ng gia ok,nhÆ°ng khÃ´ng ngá» Ä‘i Ä‘Æ°á»£c 
ná»¯a Ä‘oáº¡n Ä‘Æ°á»ng thÃ¬ nhÃ¢n viÃªn tá»•ng Ä‘Ã i Ä‘iá»‡n thoáº¡i Ä‘Ã²i giÃ¡ cao hÆ¡n,trong khi nhÃ  mÃ¬nh Ä‘ang cÃ³ e nhá» 8 thÃ¡ng,,mÃ¬nh nÃ³i chuyá»‡n vá»›i tá»•ng 
Ä‘Ã i thÃ¬ há» kiÃªn quyáº¿t vÃ  Ä‘Ã²i Ä‘á»— khÃ¡ch giá»¯a Ä‘Æ°á»ng trong khi lÃºc Ä‘Ã³ Ä‘Ã£ 22h khuya,hÃ£ng taxi lá»«a khÃ¡ch tráº¯ng trá»£n,",1,0,0,0,1,0,0.0,0.0,0.0,0.0,1.0,0.0,giai_tri 
"HÃ  Ná»™i Ä‘á»§ cá»©ng ráº¯n Ä‘á»ƒ giáº£i quyáº¿t (giao thÃ´ng, táº¯c ngháº½n vá»‰a hÃ¨, náº¯ng nÃ³ng, v.v.), nhÆ°ng nháº­n Ä‘Æ°á»£c thÃ¡i Ä‘á»™ tá»« má»™t chá»§ nhÃ  hÃ ng thÃ¬ nhiá»u hÆ¡n tÃ´i cÃ³ thá»ƒ xá»­ lÃ½ Ä‘Æ°á»£c. Mediterraneo cÃ³ Ä‘á»“ Äƒn ngon - hÆ¡i Ä‘áº¯t so vá»›i HÃ  Ná»™i - nhÆ°ng báº£n tÃ­nh khÃ³ Ä‘oÃ¡n cá»§a chá»§ sá»Ÿ há»¯u nÃªn quan tÃ¢m Ä‘áº¿n báº¥t ká»³ ai tÃ¬m kiáº¿m Ä‘á»“ Äƒn ngon gáº§n khu vá»±c Phá»‘ Cá»• / NhÃ  thá» CÃ´ng giÃ¡o. TÃ´i Ä‘Ã£ Ä‘áº¿n nhÃ  hÃ ng vÃ i láº§n, nhÆ°ng vÃ i láº§n gáº§n Ä‘Ã¢y nháº¥t, tÃ´i Ä‘á»u lÃ  má»¥c tiÃªu cá»§a thÃ¡i Ä‘á»™ tá»± mÃ£n cá»§a chá»§ quÃ¡n hoáº·c chá»©ng kiáº¿n â€‹â€‹cáº£nh anh ta báº¯t náº¡t nhÃ¢n viÃªn vÃ  / hoáº·c khÃ¡ch hÃ ng. TrÃ¡nh nÆ¡i nÃ y.",0,0,1,0,0,0,0.0,0.0,1.0,2.0,0.0,0.0,an_uong 
"Vá»‹ trÃ­ gáº§n biá»ƒn, quáº£ng trÆ°á»ng vÃ  thÃ¡p tráº§m hÆ°Æ¡ng",0,3,0,0,0,0,4.0,0.0,0.0,0.0,0.0,0.0,giai_tri luu_tru 
Dá»‹ch vá»¥ quÃ¡ tá»‡. NhÃ¢n viÃªn lÃ m viá»‡c khÃ´ng giá»¯ lá»i há»©a. ÄÃ£ qua 3 thÃ¡ng mÃ  bÃªn Ä‘Ã³ chÆ°a hoÃ n tiá»n cho Ä‘oÃ n.,0,1,0,0,0,0,1.0,0.0,0.0,0.0,0.0,0.0,giai_tri luu_tru 
"TÃ´i khÃ´ng thá»±c sá»± thÃ­ch nÆ¡i nÃ y vÃ¬ tÃ´i tháº¥y má»™t vÃ i máº·t hÃ ng Ä‘áº¯t hÆ¡n, váº«n thÃ­ch chá»£ Bin Tay.",0,0,0,0,0,0,0.0,0.0,0.0,0.0,0.0,3.0,mua_sam 
"KhÃ´ng nÃªn gá»i vÃ o sá»‘ Ä‘iá»‡n thoáº¡i cá»§a tá»•ng Ä‘Ã i, tá»•ng Ä‘Ã i viÃªn cÃ¢u giá» ráº¥t máº¥t thá»i gian trong khi phÃ­ gá»i lÃ  8k cho 1 phÃºt tÃ­nh cho ngÆ°á»i gá»i. PhÃ­ gá»i quÃ¡ cao. MÃ¬nh gá»i há»i cÃ¡i sá»‘ Ä‘iá»‡n thoáº¡i Ä‘á»ƒ gá»­i hÃ ng thÃ´i mÃ  máº¥t 2 phÃºt, tÃ­nh ra lÃ  16k.
",0,0,0,0,2,0,0.0,0.0,0.0,0.0,0.0,0.0,di_chuyen 
CÆ¡ sá»Ÿ cháº£ ram uy tÃ­n nha,0,0,0,5,0,5,0.0,0.0,0.0,5.0,0.0,0.0,mua_sam 
TÃ´i pháº£i nÃ³i ráº±ng nÆ¡i nÃ y lÃ  má»™t trong nhá»¯ng nÆ¡i yÃªu thÃ­ch cá»§a tÃ´i.,0,4,0,0,0,0,0.0,0.0,0.0,0.0,0.0,0.0,luu_tru 
CÆ¡m chiÃªn Ä‘áº¿n khÃ¡ nhanh nhÆ°ng tÃ´i chÆ°a bao giá» nháº­n Ä‘Æ°á»£c mÃ³n cÃ¡ máº­p nÆ°á»›ng cá»§a mÃ¬nh. Má»™t lÃºc sau nhÃ¢n viÃªn mang cho tÃ´i má»™t Ã­t cÆ¡m chiÃªn cÃ¡ vÃ  tÃ´i nÃ³i vá»›i há» ráº±ng tÃ´i chÆ°a gá»i mÃ³n mÃ  há» Ä‘á»ƒ trÃªn bÃ n.,3,0,0,0,0,0,0.0,0.0,0.0,2.0,0.0,0.0,giai_tri an_uong 
"Tuy Ä‘Ã´ng nhÆ°ng phá»¥c vá»¥ váº«n khÃ¡ nhanh, cháº¥t lÆ°á»£ng táº¡m á»•n chá»© khÃ´ng Ä‘Æ°á»£c xuáº¥t sáº¯c, giÃ¡ cao so vá»›i máº·t báº±ng chung.",5,0,0,3,0,0,0.0,0.0,0.0,3.0,0.0,0.0,giai_tri 
"NhÃ  hÃ ng cÃ³ xe Ä‘iá»‡n vÃ  oto Ä‘Æ°a Ä‘Ã³n khÃ¡ch tá»« FLC Ä‘áº¿n nhÃ  hÃ ng táº­n nÆ¡i. nhiá»u Háº£i sáº£n tÆ°Æ¡i cháº¿ biáº¿n ngon. KhÃ´ng gian ráº¥t thoÃ¡ng mÃ¡t vÃ  Ä‘áº·c biá»‡t nhÃ¢n viÃªn vÃ  chá»§ quÃ¡n ráº¥t vui váº» , thÃ¢n thiá»‡n vá»›i khÃ¡ch. Cháº¯c cháº¯n sáº½ quay láº i vá»›i quÃ¡n hoÃ ng thao nÃ y !!!",0,0,5,0,5,0,0.0,0.0,5.0,5.0,0.0,0.0,an_uong di_chuyen 
ÄÃ¢y lÃ  mÃ³n Äƒn ngon nháº¥t chÃºng tÃ´i cÃ³ á»Ÿ Viá»‡t Nam cho Ä‘áº¿n nay. HÃ£y thá»­ bÃ¡nh káº¿p vá»›i thá»‹t bÃ²! Äá»™i ráº¥t tá»‘t Cáº£m Æ¡n báº¡n ráº¥t nhiá»u vÃ¬ sá»± hiáº¿u khÃ¡ch cá»§a báº¡n!,0,0,0,5,0,0,0.0,0.0,5.0,5.0,0.0,0.0,nha_hang 
"QuÃ¡n ngay cáº¡nh biá»ƒn, khÃ´ng khÃ­ mÃ¡t máº», giÃ¡ cáº£ Ä‘á»“ uá»‘ng pháº£i chÄƒng, sáº½ quay láº¡i vÃ o dá»‹p tá»›i Ä‘áº¿n Quy NhÆ¡n",5,0,0,0,0,0,0.0,0.0,0.0,5.0,0.0,0.0,giai_tri an_uong 
"KhÃ¡ lÃ½ tÆ°á»Ÿng cho cÃ¡c tÃ­n Ä‘á»“ mua sáº¯m hoáº·c Ä‘Æ¡n giáº£n chá»‰ Ä‘i chÆ¡i cho Ä‘á»•i khÃ´ng khÃ­, Ä‘Æ°á»£c ngáº¯m cÃ¡c gian hÃ ng Ä‘áº¹p, Ä‘Æ°á»£c Äƒn uá»‘ng, Ä‘c xem phim.",4,0,0,0,0,0,4.0,0.0,0.0,0.0,0.0,5.0,mua_sam 
"MÃ¬nh mua há»™p má»±c rim me vá»›i giÃ¡ 85k vá» má»Ÿ ra thÃ¬ bÃªn trong má»±c Ä‘Ã£ bá»‹ má»‘c. VÃ o cá»­a hÃ ng hi vá»ng mua Ä‘Æ°á»£c Ä‘á»“ cháº¥t lÆ°á»£ng tá»‘t hÆ¡n ngoÃ i chá»£ mÃ  cÅ©ng k hÆ¡n.
",0,0,0,1,0,0,0.0,0.0,0.0,0.0,0.0,2.0,an_uong mua_sam 
"Má»™t nÆ¡i mÆ¡ Æ°á»›c, Ä‘áº·c biá»‡t lÃ  khi cÃ³ Ã­t khÃ¡ch du lá»‹ch, Ä‘Ã³ lÃ  trÆ°á»ng há»£p cá»§a chÃºng tÃ´i trong thá»i gian lÆ°u trÃº!",0,0,0,0,0,0,0.0,4.0,0.0,0.0,0.0,0.0,luu_tru 
"CÃ³ Ä‘áº§y Ä‘á»§ cÃ¡ dá»‹ch vá»¥ giáº£i trÃ­ nhÆ° xem phim, chÆ¡i bowling, game, Äƒn uá»‘ng cafe, sang trá»ng vÃ  hiá»‡n Ä‘áº¡i. NhÃ¢n viÃªn thÃ¢n thiá»‡n, cáº£nh Ä‘áº¹p",5,5,0,0,0,0,5.0,0.0,0.0,0.0,0.0,0.0,luu_tru 
"NÆ°á»›c khÃ´ng ngon, nháº¡c quÃ¡ lá»›n vÃ  khÃ´ng phÃ¹ há»£p vá»›i khÃ´ng gian. Phá»¥c vá»¥ cháº­m.
",0,0,0,2,0,0,2.0,0.0,0.0,2.0,0.0,0.0,giai_tri 
"Tuyá»‡t vá»i, giÃ¡ ok, sáº½ quay láº¡i Ä‘Ã¢y vÃ  giá»›i thiá»‡u cho báº¡n bÃ¨",0,4,0,0,0,0,0.0,0.0,0.0,0.0,0.0,0.0,luu_tru 
"NhÃ  hÃ ng cÃ³ ngÆ°á»i quáº£n lÃ½ tá»‡ nháº¥t mÃ¬nh tá»«ng gáº·p, mÃ¬nh Ä‘i cÃ³ Ä‘em theo xe Ä‘áº©y em bÃ©, thay vÃ¬ ko thÃ­ch cÃ³ thá»ƒ nÃ³i lá»‹ch sá»± thÃ¬ mÃ¬nh cÅ©ng hiá»ƒu, Ä‘áº±ng nÃ y Ä‘á»¥ng vÃ´ xe Ä‘áº©y cá»§a mÃ¬nh rá»“i tá» váº» khÃ³ chá»‹u, sau Ä‘Ã³ quay ra nÃ³i lá»›n vá»›i nhÃ¢n viÃªn Ä‘á»ƒ cho mÃ¬nh nghe tháº¥y â€œsau nÃ y khÃ¡ch nÃ o cÃ³ xe Ä‘áº©y thÃ¬ nÃ³i Ä‘á»ƒ á»Ÿ ngoÃ i háº¿tâ€, vÃ¢ng, vá»«a Äƒn vá»«a báº¿ con cháº¯c Äƒn ngon láº¯m. CÃ¡ch cÆ° xá»­ quÃ¡ kÃ©m nhÆ° cÃ¡i chá»£ cá»§a chá»‹ quáº£n lÃ½ nha",0,0,2,0,0,0,0.0,0.0,1.0,1.0,0.0,0.0,an_uong 
"Sau khi di chuyá»ƒn trong 18 giá», tháº­t nháº¹ nhÃµm khi nhÃ¬n tháº¥y táº¥m biá»ƒn cÃ³ tÃªn cá»§a chÃºng tÃ´i trÃªn Ä‘Ã³ táº¡i sÃ¢n bay Há»“ ChÃ­ Minh ráº¥t Ä‘Ã´ng Ä‘Ãºc. 
Sau khi tÃ¬m tháº¥y nhau, tÃ i xáº¿ cá»§a chÃºng tÃ´i lÃªn láº¥y xe vÃ  chÃºng tÃ´i Ä‘i. Má»i thá»© Ä‘á»u tráº£ trÆ°á»›c. KhÃ´ng cÃ³ cÄƒng tháº³ng káº¿t thÃºc má»™t ngÃ y dÃ i.",0,0,0,0,0,0,0.0,0.0,0.0,0.0,5.0,0.0,di_chuyen 
Saigon Transfers tháº­t tuyá»‡t vá»i! Thá»i gian Ä‘áº¿n cá»§a chÃºng tÃ´i thay Ä‘á»•i nhiá»u láº§n nhÆ°ng cÃ´ VÅ© váº«n cÃ³ sá»©c chá»©a vÃ  ráº¥t pháº£n há»“i qua email.,0,0,0,0,5,0,0.0,0.0,0.0,0.0,0.0,0.0,di_chuyen 
MÃ¬nh khÃ´ng cÃ³ gÃ¬ Ä‘á»ƒ chÃª,0,0,0,0,0,0,0.0,4.0,5.0,5.0,0.0,0.0,luu_tru nha_hang an_uong 
"ThÃ¡i Ä‘á»™ nhÃ¢n viÃªn á»Ÿ Ä‘Ã¢y lÃ m tÃ´i khÃ´ng hÃ i lÃ²ng, nhÃ¢n viÃªn  phá»¥c vá»¥ khÃ´ng nhiá»‡t tÃ¬nh. Äá» nghá»‹ ban quáº£n lÃ­ xem xÃ©t vá» thÃ¡i Ä‘á»™ cá»§a nhÃ¢n viÃªn Ä‘á»‘i vá»›i khÃ¡ch hÃ ng",0,0,0,0,0,1,1.0,0.0,1.0,0.0,0.0,0.0,giai_tri nha_hang mua_sam 
"á» Ä‘Ã¢y view Ä‘áº¹p, nhiá»u khÃ¡ch du lá»‹ch nÆ°á»›c ngoÃ i nhÆ°ng Ä‘á»“ Äƒn vá»›i Ä‘á»“ uá»‘ng thÃ¬ láº¡i hÆ¡i Ä‘áº¯t vÃ  ko ngon ná»¯a. á» Ä‘Ã¢y buá»•i tá»‘i ráº¥t tuyá»‡t, lÃ£ng máº¡n, cÃ³ nháº¡c ná»¯a, nháº¡c hÆ¡i to, phÃ¹ há»£p vá»›i cÃ¡c Ä‘Ã´i yÃªu nhau hay Ä‘ang tÃ¡n tá»‰nh nhau
",0,0,0,4,0,0,4.0,0.0,0.0,3.0,0.0,0.0,giai_tri 
"Gia Ä‘Ã¬nh mÃ¬nh á»Ÿ FLC vÃ  tÃ¬m tháº¥y quÃ¡n nÃ y trÃªn trip. QuÃ¡n cÃ³ xe Ä‘Æ°a Ä‘Ã³n khÃ¡ch miá»…n phÃ­ á»Ÿ FLC ráº¥t tiá»‡n lá»£i. 
Vá»‹ trÃ­ quÃ¡n á»Ÿ ngÃ y cáº¡nh Ä‘á»‹a Ä‘iá»ƒm du lá»‹ch Eo giÃ³, cÃ³ thá»ƒ káº¿t Ä‘Ã³n hoÃ ng hÃ´n á»Ÿ Eo giÃ³ vÃ  xuá»‘ng Äƒn tá»‘i luÃ´n.",5,0,0,0,0,0,5.0,0.0,0.0,0.0,5.0,0.0,di_chuyen 
"TÃ´i cÃ³ thá»ƒ hiá»ƒu náº¿u má»™t nhÃ  hÃ ng váº«n tá»“n táº¡i mÃ  khÃ´ng cÃ³ thá»© gÃ¬ Ä‘Ã³ trong nhÃ  báº¿p, nhÆ°ng tÃ´i khÃ´ng hiá»ƒu táº¡i sao há» khÃ´ng Ä‘áº¿n nÃ³i vá»›i tÃ´i vÃ  há» Ä‘Ã£ Ä‘Æ°a cho tÃ´i má»™t cÃ¡i gÃ¬ Ä‘Ã³ ngáº«u nhiÃªn tá»« thá»±c Ä‘Æ¡n mÃ  há» cho lÃ  phÃ¹ há»£p.",1,0,0,0,0,0,0.0,0.0,2.0,0.0,0.0,0.0,giai_tri nha_hang 
"ÄÆ°á»ng Ä‘i vÃ o hÆ¡i chÃ´ng gai. Tá»›i nÆ¡i thÃ¬ tuyá»‡t vá»i. BÃ£i biá»ƒn sáº¡ch Ä‘áº¹p. Má»i ngÆ°á»i á»Ÿ quanh vÃ¹ng Ä‘á»u Ã½ thá»©c giá»¯ gÃ¬n bÃ£i biá»ƒn xanh, sáº¡ch & Ä‘áº¹p.
",4,0,0,0,2,0,4.0,0.0,0.0,0.0,0.0,0.0,di_chuyen 
"Gia Ä‘Ã¬nh mÃ¬nh cÃ³ tráº» con nÃªn á»Ÿ phÃ²ng Ä‘Ã´i k cÃ³ bá»“n táº¯m, nhÆ°ng khÃ¡ch sáº¡n linh Ä‘á»™ng cho mÃ¬nh phÃ²ng Ä‘Ã´i cÃ³ bá»“n táº¯m tráº» con táº¯m thoáº£i mÃ¡i.NhÃ¢n viÃªn lá»… tÃ¢n nhiá»‡t tÃ¬nh, lá»… phÃ©p. Vá»Š TRÃ thuáº­n tiá»‡n, Ä‘i bá»™ 2p lÃ  Ä‘áº¿n vincom, 3p lÃ  ra Ä‘áº¿n biá»ƒn, khÃ¡ gáº§n Ä‘Æ°á»ng chÃ­nh.",0,5,0,0,5,0,0.0,5.0,0.0,0.0,0.0,0.0,di_chuyen 
"ÄÃ¢y lÃ  má»™t khu phá»©c há»£p mua sáº¯m vá»›i má»™t cá»­a hÃ ng táº¡p hÃ³a lá»›n. NÆ¡i nÃ y cÅ©ng cÃ³ quÃ¡n cÃ  phÃª, mÃ¡y ATM, má»™t sá»‘ nhÃ  hÃ ng vÃ  sÃ¢n chÆ¡i cho tráº» em.",0,0,0,0,0,4,4.0,0.0,0.0,0.0,0.0,4.0,giai_tri 
"Lá»±a chá»n cá»§a du khÃ¡ch náº¿u Ä‘áº¿n thÃ nh phá»‘ biá»ƒn mÃ  chÆ°a biáº¿t Äƒn gÃ¬ hay Ä‘Æ¡n giáº£n lÃ  chá»‰ muá»‘n dÃ¹ng cÆ¡m trÆ°a. á» Ä‘Ã¢y ná»•i tiáº¿ng nháº¥t lÃ  mÃ³n cÆ¡m gÃ . Ráº¥t ngon, tuy nhiÃªn giÃ¡ cáº£ thÃ¬ hÆ¡i cao tÃ­, khoáº£ng 70.000vnd/pháº§n. NhÆ°ng nÃ³i chung Ä‘áº¯t xáº¯t ra miáº¿ng ma.",0,0,0,5,2,0,0.0,0.0,0.0,4.0,0.0,0.0,di_chuyen 
"Khi vÃ o mua thá»©c Äƒn nhanh táº¡i quáº§y thanh toÃ¡n tiá»n nhÃ¢n viÃªn há»i bÃ¡nh há»i, tÃ´ bÃºn vá»›i dÃ¹i gÃ  vÃ o luc 10:15h ngÃ y 28/6 em cÃ³ tl mÃ  nháº­n viÃªn k nghe rÃµ vÃ  há»i láº¡i láº§n ná»¯a e tráº£ lá»i cá»§a e. NhÃ¢n viÃªn tá» ra thÃ¡i Ä‘á»™ khÃ³ chá»‹u vÃ  nÃ³i vá»›i e há»“i nÃ£y há»i thÃ¬ nÃ³i khÃ´ng. Máº·t nhÄƒn nhÃ³ nÃ³i gáº¯t gá»ng . Láº§n Ä‘áº§u tiÃªn trÃ£i nghiá»‡m á»Ÿ bigc qui nhÆ¡n mÃ  áº¥n tÆ°á»£ng khÃ´ng tá»‘t r. KhÃ´ng cÃ³ láº§n sau vÃ o bigc nÃ y ná»¯a.
",0,0,0,0,0,2,0.0,0.0,0.0,1.0,0.0,0.0,an_uong mua_sam 
"NhÆ°Ìƒng ai yÃªu maÌ€u "" xanh ngaÌt xanh "" thiÌ€ Ä‘Ã¢y laÌ€ mÃ´Ì£t Ä‘iÌ£a Ä‘iÃªÌ‰m khÃ´ng thÃªÌ‰ boÌ‰ qua. VÆ¡Ìi tÃ´ng maÌ€u xanh ngoÌ£c chuÌ‰ Ä‘aÌ£o trong nÃ´Ì£i thÃ¢Ìt cuÌ‰a quaÌn, hoÌ€a cuÌ€ng maÌ€u xanh cuÌ‰a nÆ°Æ¡Ìc biÃªÌ‰n, cuÌ‰a nuÌi bÃªn caÌ£nh quaÌn hay nhÆ°Ìƒng con thuyÃªÌ€n maÌ€u sÄƒÌc xanh rÆ°Ì£c rÆ¡Ìƒ trÆ°Æ¡Ìc nhaÌ€ haÌ€ng thiÌ€ Ä‘Ã¢y laÌ€ mÃ´Ì£t Ä‘iÃªÌ‰m check-in tuyÃªÌ£t vÆ¡Ì€i rÃ´Ì€i. ÄÄƒÌ£c biÃªÌ£t quaÌn coÌ€n coÌ diÌ£ch vuÌ£ cÃ¢u caÌ free, khi baÌ£n Ä‘ÃªÌn Ä‘Ã¢y thiÌ€ liÃªn hÃªÌ£ nhÃ¢n viÃªn, hoÌ£ seÌƒ cho baÌ£n mÆ°Æ¡Ì£n cÃ¢Ì€n vaÌ€ chuÃ¢Ì‰n biÌ£ mÃ´Ì€i cÃ¢u cho baÌ£n.",0,0,0,5,0,0,5.0,0.0,0.0,0.0,0.0,0.0,giai_tri an_uong 
"Khu Trung TÃ¢m
Tráº£i nghiá»‡m sá»‘ng tiá»‡n nghi, phong phÃº táº¡i Thá»‹ Náº¡i Eco Bay vá»›i cÃ¡c cÃ´ng trÃ¬nh thÆ°Æ¡ng mai káº¿t há»£p vui chÆ¡i giáº£i trÃ­, phá»¥c vá»¥ nhu cáº§u cá»§a cÆ° dÃ¢n vÃ  du khÃ¡ch.

Biá»‡t thá»± trÃªn Ä‘áº£o
Gá»“m 4 loáº¡i biá»‡t thá»± Ä‘Æ°á»£c bá»‘ trÃ­ theo tá»«ng nhÃ¡nh, nhÆ° dÃ²ng cháº£y cá»§a Ä‘áº¡i dÆ°Æ¡ng uá»‘n quanh má»m máº¡i, hÃ i hÃ²a vá»›i cáº£nh quan, thiáº¿t káº¿ káº¿t há»£p hÃ i hÃ²a giá»¯a tá»± do vÃ  riÃªng tÆ° trong mÃ´i trÆ°á»ng káº¿t ná»‘i cá»™ng Ä‘á»“ng, phÃ¹ há»£p vá»›i lá»‘i sá»‘ng hiá»‡n Ä‘áº¡i.

KhÃ¡ch sáº¡n
trÃªn Ä‘áº£o
Toáº¡ láº¡c trÃªn má»™t Ä‘áº£o Ä‘á»™c láº­p, yÃªn tÄ©nh, Ä‘Æ°á»£c trang bá»‹ tiá»‡n Ã­ch Ä‘áº³ng cáº¥p. Äáº·c biá»‡t, khÃ¡ch sáº¡n vá»›i gÃ³c nhÃ¬n tuyá»‡t Ä‘áº¹p tá»« háº§u háº¿t cÃ¡c phÃ²ng.

Khu Resort trÃªn cá»c
Khu resort trÃªn cá»c cho báº¡n táº­n hÆ°á»Ÿng thiÃªn Ä‘Æ°á»ng â€œMaldivesâ€ ngay táº¡i Thá»‹ Náº¡i Eco Bay, nÆ¡i giao hoÃ  Ä‘áº¥t trá»i, riÃªng tÆ° vÃ  gáº§n gÅ©i vá»›i thiÃªn nhiÃªn. Tráº£i nghiá»‡m giÃ¡ trá»‹ cuá»™c sá»‘ng cÃ¹ng vá»›i rá»«ng cÃ¢y vÃ  Ä‘áº¡i dÆ°Æ¡ng bao quanh.

Báº¿n Du thuyá»n
Du thuyá»n khÃ´ng chá»‰ lÃ  phÆ°Æ¡ng tiá»‡n giao thÃ´ng tiÃªn tiáº¿n mÃ  cÃ²n lÃ  trá»Ÿ thÃ nh Ä‘iá»ƒm Ä‘áº¿n cho nhá»¯ng ai tÃ¬m kiáº¿m má»™t lá»‘i sá»‘ng phong cÃ¡ch vÃ  Ä‘áº³ng cáº¥p. Báº¿n du thuyá»n gÃ³p pháº§n hoÃ n chá»‰nh cÃ¡c Ä‘áº§u má»‘i giao thÃ´ng khu vá»±c trÃªn 5 hÃ²n Ä‘áº£o táº¡i Thá»‹ Náº¡i Eco Bay.",5,5,0,0,5,0,0.0,5.0,0.0,0.0,0.0,0.0,giai_tri di_chuyen 
"Tháº­t lÃ  má»™t tráº£i nghiá»‡m nhÃ  hÃ ng thÃº vá»‹ vÃ  thÆ° giÃ£n. Äi xuá»‘ng má»™t con háº»m nhá» vÃ  trong khi má»™t sá»‘ tÃ²a nhÃ  xung quanh ngÃ³c ngÃ¡ch nhá» nÃ y Ä‘ang Ä‘Æ°á»£c trÃ¹ng tu, nhÃ  hÃ ng nÃ y váº«n kiÃªn nháº«n ngá»“i Ä‘Ã³ chá» báº¡n ghÃ© thÄƒm. Lá»‘i trang trÃ­ tháº¿ giá»›i cá»• cá»§a PhÃ¡p, dá»‹ch vá»¥ thÃ¢n thiá»‡n vÃ  Ä‘á»“ Äƒn ngon. ChÃºng tÃ´i thÃ­ch nÃ³ Ä‘áº¿n ná»—i chÃºng tÃ´i Ä‘Ã£ quay láº¡i ba láº§n. VÃ  láº§n gáº§n Ä‘Ã¢y nháº¥t lÃ  tráº­n chung káº¿t World Cup bÃ³ng Ä‘Ã¡ nÃªn chÃºng tÃ´i Ä‘Ã£ Äƒn vÃ  sau Ä‘Ã³ xem tráº­n Ä‘áº¥u vá»›i nhá»¯ng ngÆ°á»i báº¡n Ä‘á»“ng hÃ nh cÅ©ng nhÆ° ngÆ°á»i dÃ¢n Ä‘á»‹a phÆ°Æ¡ng. Nhá»¯ng phÃ¡t sÃºng Äƒn má»«ng do Barman truyá»n tay nhau. Báº§u khÃ´ng khÃ­ tuyá»‡t vá»i.",5,0,5,5,0,0,0.0,0.0,5.0,5.0,0.0,0.0,giai_tri 
"Máº¥y báº¡n quáº£n lÃ½ khÃ¡ch sáº¡n ráº¥t nhiá»‡t tÃ¬nh, thÃ¢n thiá»‡n",5,0,0,0,0,0,0.0,5.0,0.0,0.0,0.0,0.0,giai_tri luu_tru 
"NhaÌ€ haÌ€ng saÌ£ch,moÌn Äƒn ngon. NhÃ¢n viÃªn thÃ¢n thiÃªÌ£n.tÃ´i seÌƒ quay laÌ£i vaÌ€o mÃ´Ì£t ngaÌ€y gÃ¢Ì€n nhÃ¢Ìt.caÌ‰m Æ¡n caÌc baÌ£n",5,0,5,5,0,0,0.0,0.0,0.0,5.0,0.0,0.0,giai_tri nha_hang 
"Dá»‹ch vá»¥ tá»‘t, khÃ´ng khÃ­ trong lÃ nh, háº­u mÃ£i. PhÃ¡t huy tá»‘t hÆ¡n ná»¯a
",0,0,0,0,0,5,5.0,0.0,0.0,0.0,0.0,0.0,giai_tri mua_sam 
"Gáº§n Biá»ƒn, nhÃ¢n viÃªn niá»m ná»Ÿ, phÃ²ng khÃ¡ch sáº¡n sáº¡ch vÃ  má»›i. Buffet sÃ¡ng Äƒn á»•n",0,4,3,0,0,0,0.0,5.0,0.0,0.0,0.0,0.0,nha_hang 
Trong lÃºc tá»¥i mÃ¬nh chá» check-in Ä‘Ã£ Ä‘Æ°á»£c nhÃ¢n viÃªn má»i 1 Ä‘Ä©a nho ráº¥t tÆ°Æ¡i ngon,0,4,0,0,0,0,0.0,0.0,0.0,5.0,0.0,0.0,luu_tru an_uong 
"QuÃ¡ tuyá»‡t vá»i! Phá»¥c vá»¥ tá»‘t, Ä‘á»“ Äƒn ngon. Nhá» cÃ³ C.ine mÃ  gia Ä‘Ã¬nh tÃ´i Ä‘Ã£ cÃ³ nhá»¯ng áº¥n tÆ°á»£ng Ä‘áº¹p vá» áº©m thá»±c á»Ÿ Quy NhÆ¡n. CÃ³ dá»‹p quay láº¡i chÃºng tÃ´i sáº½ tiáº¿p tá»¥c gá»­i niá»m tin á»Ÿ C.ine.",0,0,5,0,0,0,0.0,0.0,5.0,5.0,0.0,0.0,an_uong 
"Tiá»‡m bÃ¡nh kem quen thuá»™c cá»§a gia Ä‘Ã¬nh mÃ¬nh, má»—i khi Äƒn bÃ¡nh kem Ä‘á»u mua á»Ÿ Ä‘Ã¢y BÃ¡nh cÃ³ lá»›p kem bÃ©o bÃ©o ko quÃ¡ ngá»t, lá»›p bÃ¡nh bong lan xá»‘p bÃªn trong má»‹n, ngon. PhÃ¹ há»£p kháº©u vá»‹ gia Ä‘Ã¬nh, á»§ng há»™ tiá»‡m lÃ¢u dÃ i â¤",0,0,0,5,0,5,0.0,0.0,0.0,5.0,0.0,0.0,mua_sam 
"Big C nÃ y cÃ³ táº¥t cáº£ má»i thá»©, nhÆ°ng Náº¿u báº¡n Ä‘ang Ä‘i xe mÃ¡y hoáº·c lÃ¡i Ã´ tÃ´, chÃºng tÃ´i ráº¥t máº¥t thá»i gian Ä‘á»ƒ Ä‘áº­u.",0,0,0,0,0,4,0.0,0.0,0.0,0.0,2.0,0.0,di_chuyen mua_sam 
"Chá»£ Báº¿n ThÃ nh, SÃ i GÃ²n lÃ  biá»ƒu tÆ°á»£ng khÃ´ng thá»ƒ quen thuá»™c hÆ¡n khi nÃ³i Ä‘áº¿n thÃ nh phá»‘ mang tÃªn BÃ¡c. cÃ³ hÃ ng chá»¥c nÆ¡i Ä‘á»ƒ Ä‘i, hÃ ng trÄƒm Ä‘iá»ƒm Ä‘á»ƒ khÃ¡m phÃ¡, vÃ  hÃ ng nghÃ¬n hoáº¡t Ä‘á»™ng chá» báº¡n tham gia. Tuy váº­y, náº¿u chÆ°a ghÃ© chá»£ Báº¿n ThÃ nh, má»™t ngÃ´i chá»£ sáº§m uáº¥t báº­c nháº¥t Ä‘á»“ng thá»i lÃ  biá»ƒu tÆ°á»£ng cá»§a thÃ nh phá»‘, thÃ¬ hÃ nh trÃ¬nh cá»§a cá»§a báº¡n váº«n chÆ°a trá»n váº¹n Ä‘Ã¢u nha.

Tráº£i qua hÆ¡n 100 nÄƒm tá»“n táº¡i vÃ  phÃ¡t triá»ƒn, chá»£ Báº¿n ThÃ nh khÃ´ng chá»‰ lÃ  nÆ¡i giao thÆ°Æ¡ng cá»§a thá»‹ dÃ¢n mÃ  cÃ²n trá»Ÿ thÃ nh Ä‘iá»ƒm du lá»‹ch khÃ´ng thá»ƒ bá» qua khi Ä‘áº¿n SÃ i GÃ²n Tá»« kiáº¿n trÃºc Ä‘á»™c Ä‘Ã¡o cá»§a ngÃ´i chá»£, nhá»¯ng ngÆ°á»i bÃ¡n hÃ ng thÃ¢n thiá»‡n, Ä‘áº¿n sá»± Ä‘a dáº¡ng cá»§a hÃ ng hÃ³a, khiáº¿n ai cÅ©ng muá»‘n má»™t láº§n ghÃ© Ä‘áº¿n tham quan.",5,0,0,0,0,0,0.0,0.0,0.0,0.0,0.0,4.0,giai_tri mua_sam 
"Náº¿u báº¡n Ä‘Ã£ Ä‘Æ°á»£c váº­n chuyá»ƒn á»Ÿ Ä‘Ã¢y tá»« má»™t sá»‘ nÆ¡i khÃ¡c, báº¡n cÃ³ thá»ƒ sáº½ khÃ´ng cÃ³ Ã½ tÆ°á»Ÿng nhá»¯ng gÃ¬ Ä‘áº¥t nÆ°á»›c báº¡n Ä‘Ã£ Ä‘Æ°á»£c trong Ã­t hÆ¡n nhiá»u nhÆ° tháº¿ nÃ o Ä‘á»ƒ tÃ¬m cÃ¡ch cá»§a báº¡n xung quanh. NÆ¡i nÃ y ráº¥t lá»›n. TÃ´i Ä‘i Äƒn kem chá»§ yáº¿u vÃ  tÃ´i thá»±c sá»± thÃ­ch Ä‘i lang thang quanh cÃ¡c trung tÃ¢m mua sáº¯m vÃ  chá»‰ quan sÃ¡t cÃ¡c cá»­a hÃ ng. NÆ¡i nÃ y cÃ³ táº¥t cáº£ nhá»¯ng gÃ¬ tÃ´i nghÄ©. Báº¡n cÅ©ng cÃ³ thá»ƒ nhÃ¬n tháº¥y nÃ³ cho má»™t khoáº£ng cÃ¡ch khÃ¡ Ä‘á»ƒ khÃ´ng cÃ³ cÆ¡ há»™i Ä‘á»ƒ bá» lá»¡ nÃ³.",0,0,0,0,0,4,0.0,0.0,0.0,0.0,0.0,0.0,mua_sam 
phÃ²ng bi a hÆ¡i nÃ³ng vÃ¬ cháº¯c lÃ¢u ko ai lÃªn chÆ¡i nÃªn ko Ä‘Æ°á»£c chÄƒm chuat,0,0,0,2,0,0,0.0,2.0,0.0,0.0,0.0,0.0,luu_tru an_uong 
Má»™t nÆ¡i tuyá»‡t vá»i cho má»™t mÃ³n Äƒn nháº¹ hoáº·c salad ngon vá»›i giÃ¡ cáº£ há»£p lÃ½. Dá»‹ch vá»¥ nhanh . Thá»©c Äƒn ngon. ÄÆ¡n giáº£n nhÆ°ng mong Ä‘á»£i. SÃ¢n thÆ°á»£ng áº¥m cÃºng Ä‘áº¹p,4,0,4,4,0,0,0.0,0.0,5.0,5.0,0.0,0.0,giai_tri 
"MÃ¬nh Ä‘áº¿n vÃ o lÃºc giá»¯a trÆ°a nÃ³ng, khÃ´ng cÃ³ ai luÃ´n, nhÆ°ng nhÃ¢n viÃªn váº«n ráº¥t nhiá»‡t tÃ¬nh, giÃ¡ cáº£ há»£p lÃ½, chá»— ngá»“i Ä‘áº¹p, trang trÃ­ ráº¥t xinh xáº¯n, 
náº±m trÃªn bÃ£i biá»ƒn, cÃ³ thÃªm cáº£ xÃ­ch Ä‘u, vÃµng Ä‘á»ƒ cÃ¡c báº¡n tráº» sá»‘ng Ã¡o. Cháº¯c cháº¯n sáº½ quay láº¡i Ä‘Ã¢y láº§n sau tá»›i Quy NhÆ¡n",5,0,0,0,0,0,0.0,0.0,0.0,0.0,0.0,0.0,giai_tri 
"MÃ³n salad ngon, sá»‘t cay vá»«a miá»‡ng, pháº§n full topping ráº¥t nhiá»u, rau tÆ°Æ¡i, mÃ¨ rang thÆ¡m lá»«ng, cÃ¡ há»“i cay vá»«a vÃ  tÆ°Æ¡i , giÃ¡ cáº£ phÃ¹ há»£p, 3 ngÆ°á»i chá»‰ gá»i 2 pháº§n lÃ  no. NhÃ¢n viÃªn dá»… thÆ°Æ¡ng, nhiá»‡t tÃ¬nh, view Ä‘áº¹p. Xá»©ng Ä‘Ã¡ng Ä‘Æ°á»£c 5 sao (y)",5,0,0,5,0,0,0.0,0.0,0.0,5.0,0.0,0.0,giai_tri 
"nhÃ  hÃ ng ocean palace cao cáº¥p Äƒn ngon ,nhÃ¢n viÃªn nhiá»‡t tÃ¬nh .phong cach cao cap .mÃ  nhÃ¬n tá»›i cÃ¡i bÃ n vÃ¡ lá»— lÃ  máº¥t cáº£m tÃ¬nh.nhiá»u mÃ³n ngon pháº£i Ä‘á»£i hÆ¡i lÃ¢u",0,0,3,0,0,0,0.0,0.0,4.0,5.0,0.0,0.0,an_uong 
"Vá»‹ trÃ­ gáº§n trung tÃ¢m,gáº§n biá»ƒn,Ä‘i láº¡i ráº¥t thuáº­n tiá»‡n,phÃ²ng sáº¡ch Ä‘áº¹p vÃ  ráº¥t má»›i,nhÃ¢n viÃªn nhiá»‡t tÃ¬nh vÃ  táº¡o Ä‘iá»u kiá»‡n tá»‘i Ä‘a cho khÃ¡ch.nÃ³i chung mÃ¬nh cá»±c ká»³ ung Ã½.láº§n sau ghÃ© Nha Trang cháº¯c cháº¯n sáº½ quay láº¡i Ä‘Ã¢y á»Ÿ",0,5,5,0,0,0,0.0,5.0,0.0,0.0,0.0,0.0,nha_hang 
Ráº¥t thÃ­ch. Cháº¯c cháº¯n sáº½ ghÃ© láº¡i khi Ä‘áº¿n Nha Trang,5,5,5,0,0,0,0.0,0.0,0.0,0.0,0.0,0.0,giai_tri luu_tru nha_hang 
Bá»ƒ bÆ¡i táº§ng 7 nÆ°á»›c hÆ¡i báº©n vÃ  3 ngÃ y ko thay.,2,2,0,0,0,0,1.0,0.0,0.0,0.0,0.0,0.0,luu_tru 
"Giá»¯ xe hÃ¡ch dá»‹nh, khÃ¡ch Ä‘á»ƒ xe sÃ¡t báº­c thá»m thÃ¬ quáº£n lÃ½ ra Ä‘Ã´i co chá»‰ chá» (máº·c dÃ¹ khÃ´ng cÃ³ biá»ƒn cáº¥m Ä‘á»ƒ, xe nhÃ¢n viÃªn váº«n Ä‘á»ƒ sÃ¡t bÃªn), nhÃ¢n viÃªn thu ngÃ¢n thÃ¬ khÃ´ng giáº£i thÃ­ch chÆ°Æ¡ng trÃ¬nh khuyáº¿n mÃ£i, káº¹o Ä‘Æ°á»ng khuyáº¿n mÃ£i cho tráº» em thÃ¬ kÃªu mÃ¡y hÆ° khá»Ÿi Ä‘á»™ng lÃ¢u...dÃ¹ khÃ¡ch hÃ ng lÃ¢u nÄƒm Vinmart nhÆ°ng quÃ¡ tháº¥t vá»ng",1,0,0,0,0,0,0.0,0.0,0.0,0.0,0.0,2.0,giai_tri mua_sam 
"MÃ¬nh vÃ  báº¡n mÃ¬nh láº§n Ä‘áº§u tiÃªn Ä‘áº¿n Ä‘Ã¢y vÃ  cáº£m tháº¥y ráº¥t hÃ i lÃ²ng vá»›i quÃ¡n. Tá»« cÃ¡c báº¡n nhÃ¢n viÃªn tá»›i chá»§ quÃ¡n. Tháº­t tuyá»‡t vá»i khi Ä‘Æ°á»£c thÆ°á»Ÿng thá»©c má»™t Ä‘Ãªm Ä‘Ãºng nghÄ©a theo tiáº¿ng nháº¡c á»Ÿ Ä‘Ã¢y. KhÃ´ng gian má»Ÿ, má»i ngÆ°á»i gá»i Ä‘á»“ uá»‘ng vÃ  thoáº£i mÃ¡i thÆ° giÃ£n. Cáº£m Æ¡n Ä‘Ã£ dÃ nh cho tá»¥i mÃ¬nh nhiá»u sá»± quan tÃ¢m tá»›i váº­y nha @tommy. I will get backkkkk",0,0,0,5,0,0,5.0,0.0,0.0,5.0,0.0,0.0,giai_tri 
Ráº¥t hiá»‡n Ä‘áº¡i nhÆ°ng cay.,0,0,0,0,0,0,0.0,0.0,0.0,3.0,0.0,0.0,an_uong 
"TÃ´i Ä‘Ã£ ghÃ© thÄƒm Foodshop 45 trong nhiá»u nÄƒm vÃ  chÆ°a bao giá» pháº£i tháº¥t vá»ng. Ngá»“i ngay bÃªn Há»“ TrÃºc xinh Ä‘áº¹p vÃ  ná»•i tiáº¿ng, nÆ¡i John McCain bá»‹ báº¯n háº¡, báº¡n cÃ³ má»™t táº§m nhÃ¬n tuyá»‡t vá»i, má»™t báº§u khÃ´ng khÃ­ tuyá»‡t vá»i vÃ  má»™t Ä‘á»™i ngÅ© nhÃ¢n viÃªn yÃªn tÄ©nh nhÆ°ng chu Ä‘Ã¡o. CÃ¡c mÃ³n Äƒn Ä‘Æ°á»£c Ä‘áº§u báº¿p Viá»‡t Nam cháº¿ biáº¿n 100% theo bá»‘i cáº£nh vÃ  phong cÃ¡ch áº¤n Äá»™. CÃ³ nhiá»u nhÃ  hÃ ng áº¤n Äá»™ á»Ÿ HÃ  Ná»™i, cÃ³ váº» chÃ­nh thá»‘ng hÆ¡n, bá»Ÿi vÃ¬ há» lÃ  ngÆ°á»i áº¤n Äá»™ quáº£n lÃ½. Tuy nhiÃªn, Ä‘Ã£ thá»­ táº¥t cáº£ chÃºng, tÃ´i váº«n quay trá»Ÿ láº¡i nÆ¡i Ã¡m áº£nh cÅ© cá»§a mÃ¬nh, Foodshop 45",0,0,4,4,0,0,5.0,0.0,4.0,4.0,0.0,0.0,giai_tri 
"QuÃ¡n Äƒn ngon, sáº¡ch sáº½, nhÃ¢n viÃªn vui váº», giÃ¡ ráº½ hÆ¡n so vá»›i thá»±c táº¿, cÃ³ dá»‹p sáº½ Ä‘áº¿n thÆ°á»Ÿng thá»©c tiáº¿p.
TrÃ£i nghiá»‡m cÃ¹ng : Du lá»‹ch thá»±c táº¿ - áº¨m thá»±c Ä‘á»‹a phÆ°Æ¡ng.",0,0,0,5,0,0,5.0,0.0,5.0,5.0,0.0,0.0,giai_tri nha_hang 
"ThÃ¡i Ä‘á»™ phá»¥c vá»¥ cá»§a nhÃ¢n viÃªn chÃ¡n QuÃ¡n chá»‰ phá»¥c vá»¥ táº§ng dÆ°á»›i, khÃ´ng phá»¥c vá»¥ táº§ng trÃªn Hoáº·c lÃ  do mÃ¬nh Ä‘i ban ngÃ y hay k Ä‘Ãºng ngÃ y nÃªn k phá»¥c vá»¥ sao? Äá»“ uá»‘ng á»•n, mÃ¬nh uá»‘ng cacao kem... Coi review rá»“i voi thá»­ thÃ¬ mÃ¬nh khÃ¡ tháº¥t vá»ng, hÃ¬ DÃ¹ sao Ä‘á»“ uá»‘ng cÅ©ng á»•n lÃ  vui rá»“i...",0,0,1,2,0,0,0.0,0.0,0.0,2.0,0.0,0.0,nha_hang 
HÃ²n khÃ´ lÃ  du lá»‹ch qua Ä‘áº£o Äƒn uá»‘ng chá»¥p hÃ¬nh thÃ´i cháº³ng cÃ³ gi Ä‘áº·c biá»‡t.ai coi tiktok nhiá»u tÃ n bá»‹ lá»«a nhÆ° mÃ¬nh vÃ´ hÆ¡i tháº¥t vá»ng ko nhÆ° tÆ°á»Ÿng.vÃ´ thÃ¬ kÃ¨o nÃ©o khÃ¡ch Ä‘i qua Ä‘áº£o Ä‘á»ƒ Äƒn nhÃ  bÃ¨ giÃ¡ cao vá»›i láº¥y phÃ­ chá»Ÿ Ä‘i 100k nguá»i lá»›n lÃ  chá»§ yáº¿u.cÃ²n Ä‘i vÃ´ quÃ¡n cafe co co gÃ¬ Ä‘o cá»§ng váº­y tá»›i ngay Ä‘Æ°á»ng cá»¥c nhÃ¬n quÃ¡n tháº¥t vá»ng quáº¹o ra.nÃ³i chung ko nhÆ° lÃ  mÆ¡ titok review áº£o.á»Ÿ Ä‘Ã¢y nÃªn há»c theo bÃ¬nh hÆ°ng ai qua bÃ¨ nÃ o Äƒn thÃ¬ chá»Ÿ qua miá»…n phÃ­ Ä‘Ã£ Äƒn rá»“i thÃ¬ nÃªn free chá»Ÿ qua vÃ¬ cá»§ng khÃ¡ gáº§n.,2,0,0,2,2,0,0.0,0.0,0.0,1.0,0.0,0.0,giai_tri di_chuyen 
NgÆ°á»i lÃ¡i xe Ä‘áº¿n sá»›m Ä‘á»ƒ Ä‘á»£i tÃ´i. TÃ´i yÃªn tÃ¢m ráº±ng tÃ´i sáº½ Ä‘Æ°á»£c Ä‘Æ°a Ä‘áº¿n khÃ¡ch sáº¡n cá»§a tÃ´i á»Ÿ nÆ°á»›c ngoÃ i.,5,0,0,0,0,0,5.0,0.0,0.0,0.0,5.0,0.0,di_chuyen 
"TÃ´i Ä‘Ã£ Ä‘á»£i má»™t lÃºc cho Ä‘áº¿n khi há» Ä‘áº¿n Ä‘á»ƒ há»i tÃ´i xem cÃ³ gÃ¬ sai vá»›i thá»©c Äƒn khÃ´ng. TÃ´i láº·p láº¡i nhá»¯ng gÃ¬ tÃ´i Ä‘Ã£ nÃ³i, ráº±ng tÃ´i Ä‘ang Ä‘á»£i mÃ³n cÃ¡ máº­p nÆ°á»›ng cá»§a mÃ¬nh.",1,0,0,0,0,0,0.0,0.0,0.0,3.0,0.0,0.0,giai_tri an_uong 
"CÃ³ ráº·n san hÃ´ Ä‘áº¹p, NÆ°á»›c biá»ƒn trong xanh, ngá»“i thuyá»n bÃ¨ thÆ°á»Ÿng thá»©c Ä‘á»“ biá»ƒn ráº¥t tuyá»‡t, giÃ¡ ra hÃ²n khÃ´ cÅ©ng vá»«a páº£i vá»›i má»™t nÆ¡i du lÃ­ch. CÃ³ Ä‘iá»u lÃ  phÃ²ng thay Ä‘á»“ ráº¥t Ã­t vÃ  ko cÃ³ nÆ°á»›c ngá»t táº¯m láº¡i
",5,3,0,0,0,0,4.0,0.0,0.0,4.0,0.0,0.0,luu_tru an_uong 
NhÃ¢n viÃªn nÃ³i chuyá»‡n vá»›i khÃ¡ch kiá»ƒu cÃ´n Ä‘á»“. Lá»… tÃ¢n lÃ m 1 giÃ¡ lÃªn nhÃ¢n viÃªn Ã©p giÃ¡ lÃªn x4 minh k Ä‘á»“ng Ã½ thÃ¬ lÃ m khÃ¹ng lÃ m Ä‘ien lÃªn. Tiá»n máº¥t táº­t mang,0,0,0,0,0,1,0.0,1.0,0.0,0.0,0.0,0.0,luu_tru mua_sam 
"Ráº¥t hiáº¿u khÃ¡ch vÃ  ráº¥t vui tÆ° váº¥n táº­n tÃ¬nh vÃ  giÃºp khÃ¡c chon Ä‘á»“ tá»‘t
",0,0,0,5,0,0,0.0,0.0,0.0,0.0,0.0,5.0,an_uong mua_sam 
"TÃ´i sáº½ quay láº¡i nÆ¡i nÃ y. Má»™t nÆ¡i nghá»‰ dÆ°á»¡ng yÃªn tÄ©nh, bÃ£i biá»ƒn ráº¥t Ä‘áº¹p vÃ  sáº¡ch sáº½, nhÃ¢n viÃªn phá»¥c vá»¥ thÃ¢n thiá»‡n, láº§n sau quay láº¡i tÃ´i sáº½ sá»­ dá»¥ng dá»‹ch vá»¥ spa. Ä‚n sÃ¡ng chÆ°a phong phÃº láº¯m, tÃ´i thÃ­ch mÃ³n bÃºn cÃ¡ buá»•i sÃ¡ng á»Ÿ Ä‘Ã¢y.",5,5,0,4,0,0,4.0,0.0,0.0,0.0,0.0,0.0,luu_tru an_uong 
"QuÃ¡n Ä‘áº¹p, háº£i sáº£n á»Ÿ Ä‘Ã¢y khÃ¡ ngon , Ä‘Ãºng vá»‹ biá»ƒn, tÃ´m má»±c tÆ°Æ¡i Äƒn ráº¥t ngon luÃ´n, giÃ¡ cáº£ láº¡i quÃ¡ há»£p lÃ­ so vá»›i cÃ¡c nhÃ  hÃ ng háº£i sáº£n trÃªn thÃ nh phá»‘, NhÃ¢n viÃªn phá»¥c vá»¥ ráº¥t nhanh nháº¹n, dá»… thÆ°Æ¡ng, thÃ¢n thiá»‡n, phá»¥c vá»¥ khÃ¡ nhanh , mÃ³n ra nhanh khi Ä‘Ã´ng khÃ¡ch hay váº¯ng khÃ¡ch Ä‘á»u váº­y luÃ´n, nhÃ¢n viÃªn ráº¥t lá»‹ch sá»±. Cá»­a hÃ ng Ä‘áº¹p sÃ¡ng sá»§a, trang trÃ­ hiá»‡n Ä‘áº¡i , Ä‘áº¿n rá»“i muá»‘n Ä‘áº¿n hoÃ i hoÃ i. Cháº¥t lÆ°á»£ng mÃ³n Äƒn thÃ¬ quÃ¡ Ä‘áº¡t chuáº©n luÃ´n. Nháº¥t Ä‘á»‹nh sáº½ Ä‘áº¿n láº¡i ná»¯a , ngon quÃ¡ mÃ ",0,0,5,5,0,0,0.0,0.0,0.0,5.0,0.0,0.0,nha_hang 
"CÃ´ng viÃªn thiáº¿u nhi mÃ  toÃ n tháº¥y ngÆ°á»i lá»›n.
Ban Ä‘Ãªm ráº¥t mÃ¡t, cÃ³ nhiá»u hÃ ng quÃ¡n Äƒn váº·t giÃ¡ ráº¥t ráº».
Buá»•i chiá»u sau 17:00 dÃ¢n Ä‘á»‹a phÆ°Æ¡ng Ä‘á»• ra Ä‘Ã¢y táº¯m biá»ƒn ráº¥t Ä‘Ã´ng, khÃ´ng cÃ³ dá»‹ch vá»¥ trÃ´ng xe mÃ  cá»© Ä‘á»ƒ xe trÃªn bá» rá»“i Ä‘i bá»™ xuá»‘ng thÃ´i. BÃ£i cÃ¡t pháº³ng vÃ  má»‹n.
BÃ£i biá»ƒn ráº¥t sáº¡ch, khÃ´ng cÃ³ kinh doanh dÃ¹, hÃ ng rong, bÃ¡n dáº¡o... hy vá»ng thÃ nh phá»‘ Quy NhÆ¡n tiáº¿p tá»¥c phÃ¡t huy vÃ  giá»¯ mÃ´i trÆ°á»ng sáº¡ch nhÆ° hiá»‡n táº¡i.",3,0,0,0,2,0,4.0,0.0,0.0,4.0,0.0,0.0,an_uong di_chuyen 
ÄÃ¢y lÃ  nÆ¡i thÃ­ch há»£p Ä‘á»ƒ báº¡n bÃ¨ vÃ  gia Ä‘Ã¬nh tá»¥ há»p sau 1 ngÃ y lÃ m viá»‡c.,0,4,0,0,0,0,0.0,0.0,0.0,0.0,0.0,0.0,luu_tru 
"Thá»©c Äƒn tháº­t tuyá»‡t vá»i vÃ  cÃ³ má»™t cÃ¡i nhÃ¬n trong nhÃ  báº¿p, nÃ³ khÃ´ng cÃ³ mÃ¹i vá»‹ vÃ  bia láº¡nh mÃ  khÃ´ng bÃ¬nh thÆ°á»ng á»Ÿ Viá»‡t Nam? NÃ³ cÅ©ng cÃ³ bia trÃªn vÃ²i. Má»™t trong nhá»¯ng chá»§ sá»Ÿ há»¯u cÃ³ tÃªn Docker khÃ´ng thá»ƒ thÃ¢n thiá»‡n hÆ¡n khi chÄƒm sÃ³c nhÃ³m 8 chÃºng tÃ´i khÃ´ng thá»ƒ lÃ m Ä‘á»§ cho chÃºng tÃ´i. Docker Ä‘Ã£ cho chÃºng tÃ´i má»™t cÃ¡i nhÃ¬n sÃ¢u sáº¯c vá» cuá»™c sá»‘ng Viá»‡t Nam vÃ  Ä‘á» xuáº¥t má»™t sá»‘ khu vá»±c tuyá»‡t vá»i Ä‘á»ƒ tham quan - nhá»¯ng bÃ£i biá»ƒn vÃ  lÃ ng quÃª xinh Ä‘áº¹p vÃ  má»™t nÆ¡i Ä‘Æ°á»£c gá»i lÃ  cuá»™c sá»‘ng lÃ  má»™t bÃ£i biá»ƒn. Thanh tra láº¡i má»™t vÃ i láº§n vÃ¬ chÃºng tÃ´i ráº¥t thÃ­ch nÃ³.",0,0,0,5,5,0,0.0,0.0,0.0,5.0,0.0,0.0,di_chuyen 
"chÃºng tÃ´i Ä‘áº¿n Ä‘Ã³ chá»‰ vÃ¬ bÃ i Ä‘Ã¡nh giÃ¡ cá»§a Anthony Bourdain vÃ  lá»‹ch sá»­ vá»›i Tá»•ng thá»‘ng Obama. phá»Ÿ ngon láº¡ thÆ°á»ng. pháº§n cÃ²n láº¡i cá»§a cÃ¡c máº·t hÃ ng lÃ  ok. mÃ´i trÆ°á»ng xung quanh báº±ng khÃ´ng. phÃ²ng táº¯m náº±m ngay bÃªn cáº¡nh vÃ  nhÃ¬n ra nÆ¡i báº¡n ngá»“i. thá»±c Ä‘Æ¡n khÃ´ng bao quÃ¡t bá»Ÿi báº¥t ká»³ trÃ­ tÆ°á»Ÿng tÆ°á»£ng nÃ o. Ráº¥t Ä‘Ã´ng khÃ¡ch du lá»‹ch Má»¹ gá»i mÃ³n chÃ­nh xÃ¡c trong thá»±c Ä‘Æ¡n, Ä‘Ã³ lÃ  'Obama Combo'. Tuy nhiÃªn, nÃ³ láº¥p Ä‘áº§y sá»± tÃ² mÃ² cá»§a chÃºng tÃ´i muá»‘n xem nÆ¡i nÃ y mÃ  Bourdain Ä‘Ã£ ngá»“i. chá»‰ vÃ¬ lÃ½ do Ä‘Ã³, nÃ³ lÃ  giÃ¡ trá»‹ nÃ³.",0,0,4,0,0,0,0.0,0.0,0.0,5.0,0.0,0.0,nha_hang an_uong 
"KhÃ¡ch sáº¡n náº±m trÃªn má»™t con phá»‘ lá»›n, khÃ¡ gáº§n biá»ƒn. Äi ra bÃ£i táº¯m cÃ³ toÃ  nhÃ  cao che nÃªn buá»•i chiá»u táº¯m tá»« 16 giá» lÃ  cÃ³ bÃ³ng rÃ¢m rá»“i. Äiá»ƒm cá»™ng lÃ  khÃ¡ch sáº¡n khÃ¡ sáº¡ch sáº½. CÃ²n Ä‘iá»ƒm trá»« lÃ  phÃ²ng á»‘c hÆ¡i nhá», cÃ¡c Ä‘á»“ á»Ÿ khÃ¡ch sáº¡n nhÆ° khÄƒn táº¯m, khÄƒn máº·t, ga tráº£i giÆ°á»ng hÆ¡i cÅ©. PhÃ²ng Äƒn bá»¯a sÃ¡ng khÃ¡ cháº­t chá»™i vá»›i lÆ°á»£ng khÃ¡ch á»Ÿ khÃ¡ch sáº¡n, Ä‘á»“ Äƒn bÃ¬nh thÆ°á»ng.
",0,3,0,3,0,0,0.0,3.0,0.0,0.0,0.0,0.0,an_uong 
"Má»i thá»© diá»…n ra tá»‘t Ä‘áº¹p, dá»‹ch vá»¥ tuyá»‡t vá»i. KhÃ´ng gáº·p báº¥t ká»³ váº¥n Ä‘á» nÃ o. Muá»‘n giá»›i thiá»‡u cho báº¥t cá»© ai cáº§n chuyá»ƒn khoáº£n.",0,0,0,0,0,0,0.0,0.0,0.0,0.0,5.0,0.0,di_chuyen 
GiÃ¡ service khÃ¡ há»£p lÃ½,0,3,0,0,0,0,0.0,0.0,0.0,0.0,0.0,0.0,luu_tru 
"Quy NhÆ¡n PhÃº YÃªn tháº­t Ä‘áº¹p vÃ  bÃ¬nh yÃªn. Con ngÆ°á»i giáº£n dá»‹ chÃ¢n cháº¥t tháº­t thÃ , mÃ¬nh sá»­ dá»¥ng táº¥t cáº£ má»i dá»‹ch vá»¥ á»Ÿ Ä‘Ã¢y chá»• nÃ o cÅ©ng tá»‘t, khÃ´ng cÃ³ cháº·t chÃ©m khÃ¡ch hÃ ng ngÆ°á»£c láº¡i cÃ²n ráº¥t nhiá»‡t tÃ¬nh vÃ  há»• trá»£ háº¿t mÃ¬nh ná»¯a. 1 trong nhá»¯ng dá»‹ch vá»¥ báº£n thÃ¢n mÃ¬nh hÃ i lÃ²ng nháº¥t chÃ­nh lÃ  dá»‹ch vá»¥ cho thuÃª xe mÃ¡y á»Ÿ Ä‘Ã¢y, mÃ¬nh thuÃª 1 xe honda vision 2017 á»Ÿ Ä‘Ã¢y trong 3 ngÃ y, Ä‘i eo giÃ³ ká»³ co trung lÆ°Æ¡ng hÃ²n khÃ´ hÃ²n sáº¹o, háº§m hÃ´ tÃ¢y sÆ¡n vÃ  cáº£ sang phÃº yÃªn ná»¯a. Xe cháº¡y tá»‘t, Ãªm vÃ  lá»£i xÄƒng cá»±c ká»³ luÃ´n, cháº¡y 3 ngÃ y mÃ  mÃ¬nh chá»‰ pháº£i Ä‘á»• hÆ¡n 100k xÄƒng cho táº¥t cáº£ cÃ¡c Ä‘iá»ƒm du lá»‹ch, Ä‘Ãºng lÃ  quÃ¡ lá»£i luÃ´n. Anh chá»§ thÃ¬ ráº¥t nhiá»‡t tÃ¬nh, trÃªn Ä‘Æ°á»ng Ä‘i khÃ´ng biáº¿t gÃ¬ cá»© gá»i lÃ  áº£nh chá»‰ táº¥t táº§n táº­t tá»« quÃ¡n bÃºn cÃ¡ ngon, bÃ¡nh canh ngon, háº£i sáº£n tÆ°Æ¡i giÃ¡ ráº» vÃ  cáº£ cÃ¡c Ä‘á»‹a Ä‘iá»ƒm lÃ m tour ká»³ co uy tÃ­n ná»¯a. Ráº¥t cáº£m Æ¡n anh Ä‘Ã£ giÃºp Ä‘á»¡ tá»¥i em thiá»‡t táº§n tÃ¬nh trong chuyáº¿n du lá»‹ch vá»«a rá»“i, mong anh lÃ m Äƒn phÃ¡t Ä‘áº¡t, ngÃ y cÃ ng phÃ¡t triá»ƒn thÆ°Æ¡ng hiá»‡u cá»§a mÃ¬nh lá»›n máº¡nh hÆ¡n ná»¯a. háº¹n gáº·p láº¡i anh trong má»™t dá»‹p trá»Ÿ láº¡i quy nhÆ¡n gáº§n nháº¥t",0,0,0,4,5,0,0.0,0.0,0.0,0.0,5.0,0.0,an_uong 
ÄÆ°á»ng Tráº§n HÆ°ng Äáº¡o quáº¹o vÃ o Ä‘Æ°á»ng HÃ m Tá»­ sáº½ tháº¥y báº¿n cáº£ng cho cÃ¡c tÃ u Ä‘i Ä‘Ã¡nh báº¯t vÃ  tÃ u chá»Ÿ khÃ¡ch ra Ä‘áº£o.,5,0,0,0,0,0,0.0,0.0,0.0,0.0,0.0,0.0,giai_tri 
"RÆ°á»£u Ä‘áº¯t so vá»›i cÃ¡c nhÃ  hÃ ng khÃ¡c, thá»©c Äƒn cÃ³ giÃ¡ cáº£ há»£p lÃ½.",0,0,0,3,0,0,0.0,0.0,2.0,2.0,0.0,0.0,nha_hang 
"TÃ u cÃ¡ vÃ  tÃ u du lá»‹ch chung má»™t chá»— nÃªn ráº¥t mÃ¹i, giá» cÃ²n Ä‘ang xÃ¢y dá»±ng ná»¯a nÃªn Ä‘Æ°á»ng Ä‘i vÃ o khÃ¡ báº©n
",0,0,0,0,0,0,0.0,0.0,0.0,0.0,2.0,0.0,di_chuyen 
"HÃ´m nay cáº£ nhÃ³m quyáº¿t Ä‘á»‹nh nhá» báº¡n HDV thuÃª 3 chiáº¿c xe mÃ¡y giÃ¡ ráº» chá»‰ 100k/ chiáº¿c. Nhá» báº¡n Ã­ dáº«n Ä‘i quanh thÃ nh phá»‘, Ä‘i ghá»nh rÃ¡ng vÃ  ThÃ¡p Ä‘Ã´i( ghá»nh rÃ¡ng thÃ¬ Ä‘ang Ä‘Æ°á»£c trÃ¹ng tu nÃªn khÃ´ng tham quan háº¿t Ä‘Æ°á»£c, cáº£ nhÃ³m Ä‘áº¿n thÃ¡p Ä‘Ã´i(8k/vÃ© vÃ o cá»•ng). Xong máº¥y Ä‘iá»ƒm trÃªn thÃ¬ cáº£ nhÃ³m Ä‘i Äƒn sÃ¡ng QuÃ¡n bÃºn Thuá»³ bÃªn Ä‘g tÄƒng báº¡t há»•, Äƒn xong thÃ¬ Ä‘i Cf thÃ´i. TrÆ°a Ä‘c báº¡n HDV giá»›i thiá»‡u vá» tour cáº¯m tráº¡i cá»§a báº¡n áº¥y lÃ m riÃªng cho khÃ¡ch vá»›i giÃ¡ 300k/ng. Äang tin tÆ°á»Ÿng vÃ¬ sá»± nhiá»‡t tÃ¬nh cá»§a báº¡n Ã­, book luÃ´n,. Tháº¿ lÃ  cáº£ nhÃ³m vá» homstay ngá»‰ trÆ°a, 3h chiá»u thÃ¬ báº¡n HDV qua phÃ²ng Ä‘Æ°a cáº£ nhÃ³m Ä‘i Äƒn á»‘c chá»— Ngá»c HÃ¢n CÃ´ng chÃºa, Ä‘á»§ cÃ¡c loáº¡i á»‘c biá»ƒn vá»›i giÃ¡ 15,20k/ dÄ©a. 6 ngÆ°á»i Äƒn máº¥t 215k.ğŸ˜ğŸ˜ 4h báº¡n HDV báº£o báº¯t Ä‘áº§u Ä‘i cáº¯m tráº¡i nhÃ©! Háº§u háº¿t tráº¡i vÃ  Ä‘á»“ nÆ°á»›ng buá»•i tá»‘i thÃ¬ Ä‘á»u Ä‘c chuáº©n bá»‹ trÆ°á»›c( nem, chÃ©, á»‘c biá»ƒn, tÃ´m, má»±c, cÃ¡... vÃ  cáº£ rÆ°á»£u bÃ u Ä‘Ã¡) váº­y lÃ  chá»‰ viá»‡c cháº¡y xe Ä‘áº¿n nÆ¡i Ä‘áº¥y thÃ´i. CÃ³ chiáº¿c xe mÃ¡y tháº­t tiá»‡n lá»£i vÃ´ cÃ¹ng
",3,0,0,3,4,0,0.0,0.0,0.0,0.0,4.0,0.0,giai_tri an_uong 
"ÄÃ³ lÃ  má»™t nÆ¡i yÃªn tÄ©nh vÃ  Ä‘áº¹p. NgÆ°á»i dÃ¢n Ä‘á»‹a phÆ°Æ¡ng ráº¥t dá»… nÃ³i chuyá»‡n, há» cÅ©ng dá»… máº¿n; NgÆ°á»i cÃ¡ sá»‘ng táº¡i lÃ ng chÃ i. Háº£i sáº£n cÅ©ng ráº». TÃ´i hy vá»ng ngÃ´i lÃ ng nÃ y sáº½ khÃ´ng pháº£i lÃ  má»™t Ä‘á»‹a Ä‘iá»ƒm thÆ°Æ¡ng máº¡i nhÆ° má»i ngÆ°á»i Ä‘Ã£ tá»«ng lÃ m vá»›i nhá»¯ng nÆ¡i khÃ¡c tá»«ng ráº¥t Ä‘áº¹p á»Ÿ Viá»‡t Nam.",0,0,0,0,0,0,5.0,0.0,0.0,4.0,0.0,0.0,giai_tri an_uong 
"TÆ° váº¥n nhiá»‡t tÃ¬nh. BÃ¡n Ä‘á»§ loáº¡i Ä‘áº·c sáº£n. GiÃ¡ pháº£i chÄƒng. CÃ³ thanh toÃ¡n tháº», chuyá»ƒn khoáº£n nÃªn tiá»‡n lá»£i.
MÃ¬nh Ä‘Ã£ mua bÃ¡nh Ã­t lÃ¡ gai, bÃ¡nh há»“ng, má»±c rim,...",0,0,5,5,0,0,0.0,0.0,0.0,0.0,0.0,5.0,nha_hang an_uong mua_sam 
"LÃ  Ä‘á»‹a Ä‘iá»ƒm táº­p káº¿t hÃ nh khÃ¡ch Ä‘i xe bus ra sÃ¢n bay cÃ¡c tuyáº¿n cá»§a Vietnamairline vÃ  Vietjet. CÃ³ 2 hÃ ng cafe lá»›n bÃªn cáº¡nh. Xe bus to, rá»™ng, giÃ¡ 50k.
",0,0,3,0,3,0,0.0,0.0,0.0,0.0,3.0,0.0,nha_hang 
"CÃ¡c tÃ u cÃ¡nh ngáº§m cÅ© cá»§a Nga vÃ  Vina express hiá»‡n Ä‘Ã£ ngá»«ng hoáº¡t Ä‘á»™ng. Táº¡i thá»i Ä‘iá»ƒm nÃ y, tÃ u tá»‘c hÃ nh Pacific vá»›i cÃ¡c tÃ u má»›i Ä‘Ã£ Ä‘Æ°á»£c tiáº¿p quáº£n sá»­ dá»¥ng cÃ¹ng cÃ¡c phÆ°Æ¡ng tiá»‡n cáº­p cáº£ng.",0,0,0,0,0,0,0.0,0.0,0.0,0.0,3.0,0.0,di_chuyen 
"Ngon giá»‘ng cÃ¡c quÃ¡n khÃ¡c, sáº¡ch sáº½ mÃ¡t máº». Phá»¥c vá»¥ nhanh, cÃ³ chá»— Ä‘á»ƒ xe Ã´tÃ´, nÃ³i chung lÃ  cháº¥p nháº­n Ä‘Æ°á»£c.",4,0,0,4,0,0,0.0,0.0,0.0,4.0,0.0,0.0,giai_tri 
"Láº§n Ä‘áº§u mÃ¬nh ra thÃ nh phá»‘ nha trang Ä‘á»ƒ hÆ°á»Ÿng tuáº©n trÄƒng máº­t Ä‘áº·t Ä‘Æ°á»£c ngay khÃ¡ch sáº¡n sáº¡ch sáº½, nhÃ¢n viÃªn dá»… thÆ°Æ¡ng, dá»n phÃ²ng ráº¥t cÃ³ tÃ¢m, láº§n sau vá»£ chá»“ng mÃ¬nh sáº½ quay láº¡i Ä‘Ã¢y!",0,5,5,0,0,0,0.0,5.0,0.0,0.0,0.0,0.0,nha_hang 
"NhÆ°ng láº§n thá»© hai, má»™t con chuá»™t lá»›n chá»‰ cháº¡y vÃ o giá»¯a nhÃ  hÃ ng, tÃ¬m kiáº¿m má»™t chá»— khuáº¥t nÃ o Ä‘Ã³ dÆ°á»›i quáº§y.",0,0,0,1,0,0,0.0,0.0,2.0,0.0,0.0,0.0,nha_hang an_uong 
QuÃ¡n vÃ´ cÃ¹ng Ä‘Ã´ng Ä‘Ãºc ká»ƒ tá»« khi Ä‘Æ°á»£c tá»•ng thá»‘ng Má»¹ ghÃ© thÄƒm.,0,0,3,0,0,0,0.0,0.0,0.0,0.0,0.0,0.0,nha_hang 
"Äáº§u tiÃªn lÃ  thá»i Ä‘iá»ƒm thÃ­ch há»£p nháº¥t Ä‘á»ƒ báº¡n Ä‘áº¿n Quy NhÆ¡n lÃ  vÃ o táº§m thÃ¡ng 3 Ä‘áº¿n thÃ¡ng 9 nghe . Äáº·c biá»‡t lÃ  trong khoáº£ng thá»i gian nÃ y , biá»ƒn Quy NhÆ¡n ráº¥t trong xanh , thá»i tiáº¿t khÃ´ng quÃ¡ oi bá»©c nhÆ° mÃ¹a hÃ¨ vÃ  lÆ°á»£ng khÃ¡ch Ä‘áº¿n Ä‘Ã¢y cÅ©ng khÃ´ng quÃ¡ Ä‘Ã´ng . NÃªn báº¡n sáº½ cÃ³ thá»ƒ cáº£m nháº­n trá»n váº¹n Ä‘Æ°á»£c háº¿t váº» Ä‘áº¹p bÃ¬nh yÃªn cá»§a thÃ nh phá»‘ biá»ƒn nÃ y. ThuÃª xe mÃ¡y thÃ¬ cá»© lÃªn Fb vÃ  google tÃ¬m lÃ  ra, Ä‘á»‹a Ä‘iá»ƒm cho thuÃª xe mÃ¡y hot nháº¥t vÃ  Ä‘Æ°á»£c review nhiá»u nháº¥t chÃ­nh lÃ  dá»‹ch vá»¥ cho thuÃª xe mÃ¡y quy nhÆ¡n HoÃ i Báº£o táº¡i Ä‘á»‹a chá»‰ 27a HoÃ ng Hoa ThÃ¡m. Cho thuÃª mÃ¡y ráº¥t cÃ³ tÃ¢m vÃ  nhiá»‡t tÃ¬nh nha cáº£ nhÃ , xe má»›i Ä‘i thoáº£i mÃ¡i, cá»© yÃªn tÃ¢m, cÃ³ váº¥n Ä‘á» gÃ¬ báº¡n chá»§ xe sáº½ cÃ³ máº·t há»• trá»£ liá»n nha",5,0,0,0,5,0,0.0,0.0,0.0,0.0,5.0,0.0,giai_tri 
"Buá»•i sÃ¡ng hÃ´m áº¥y gia Ä‘Ã¬nh mÃ¬nh Ä‘Ã£ cÃ³ 1 chuyáº¿n Ä‘i Háº£i Minh tháº­t tuyá»‡t. 1. Äáº¿n cáº£ng cÃ¡ cáº§u HÃ m Tá»­ gia Ä‘Ã¬nh thuÃª 1 thuyá»n Ä‘Ã² ngÆ°á»i dÃ¢n chá»Ÿ tour trá»n gÃ³i háº£i minh 350k gá»“m: - Tham quan TÆ°á»£ng Tráº§n HÆ°ng Äáº¡o, Ngá»n háº£i Ä‘Äƒng - Sau Ä‘Ã³ xuá»‘ng Ä‘Ã² Qua BÃ£i ráº¡ng táº¯m mÃ¡t vÃ  chÆ¡i, bÃ£i biá»ƒn trong vÃ  mÃ¡t láº¡i cáº¡n ná»¯a. - Sau khi táº¯m ngÃ¡n thÃ¬ mÃ¬nh yÃªu cáº§u Ä‘Ã² chá» qua QuÃ¡n bÃ¨ ná»•i Biá»ƒn ÄÃ´ng. 2. QuÃ¡n biá»ƒn ÄÃ´ng tháº­t tuyá»‡t, Ä‘áº¿n Ä‘Ã¢y nhÆ° thay Ä‘á»•i khÃ´ng khÃ­ háº¯n so vá»›i Quy nhÆ¡n, - KhÃ´ng khÃ­ trong lÃ nh - ÄÆ°á»£c cÃ¢u cÃ¡ thoáº£i mÃ¡i. - Chá»§ quÃ¡n nhiá»‡t tÃ¬nh. - CÃ¡c mÃ³n Äƒn phong phÃº thá»ai mÃ¡i lá»±a chá»n, gháº¹, cua Ä‘Ã¡, cÃ¡ háº¥p, má»±a háº¥p, á»‘c sÃ²..bao la láº¡i cÃ²n bÆ¡i tung tÄƒng dÆ°á»›i nÆ°á»›c. 3. Ä‚n uÃ´ng no nÃª nghá»‰ ngÆ¡i chiá»u Ä‘Ã² Ä‘Ã³n vá». Má»™t tour tháº­t thÃº vá»‹ vÃ  cÃ²n ráº¥t ráº» mÃ  ngon ná»¯a. Sáº½ quay láº¡i.",0,0,0,5,0,0,5.0,0.0,0.0,5.0,0.0,0.0,giai_tri 
VÃ´ Ä‘á»£i Ä‘á»“ Äƒn vÃ  nhÃ¢n viÃªn ko nghe khac kÃªu Ngon nhung phá»¥c vá»¥ hÆ¡i sai. Náº¿u cÃ³ thay Ä‘á»•i sáº½ ghÃ© láº¡i. ChÃºc mai máº¯n,1,0,0,3,0,0,0.0,0.0,0.0,3.0,0.0,0.0,giai_tri 
NÃ³i chung thÃ¬ ok nhÆ°ng chá»‰ Ä‘áº¿n má»™t láº§n duy nháº¥t ! Phá»¥c vá»¥ ráº¥t tá»‘t - cÃ²n cháº¥t lÆ°á»£ng cÃ³ thá»ƒ do Ä‘Ã´ng khÃ¡ch hoáº·c lÃ½ do nÃ o Ä‘áº¥y nÃªn Ä‘á»¡ tá»‘t hÆ¡n xÆ°a rá»“i !,0,0,0,3,0,0,0.0,0.0,0.0,0.0,0.0,0.0,an_uong 
QuÃ¡n sÃ¡t eo giÃ³ nÃªn Äƒn xong lÃªn eo giÃ³ chÆ¡i ráº¥t tiá»‡n. View Ä‘áº¹p lÃ  Ä‘iá»ƒm cá»™ng sá»‘ 1,5,0,0,5,0,0,0.0,0.0,0.0,5.0,0.0,0.0,giai_tri 
"NhÃ¢n viÃªn thÃ¢n thiá»‡n, chu Ä‘Ã¡o. Menu Ä‘a dáº¡ng & phong phÃº cÃ¡c mÃ³n. GiÃ¡ cáº£ pháº£i chÄƒng, sáº½ quay láº¡i trong thá»i gian gáº§n nháº¥t",5,0,5,0,0,0,0.0,0.0,0.0,5.0,0.0,0.0,giai_tri nha_hang an_uong 
"Má»™t trong nhá»¯ng Ä‘iá»ƒm pháº£i Ä‘áº¿n khi tá»›i CÃ¹ Lao Xanh. ÄÆ°á»ng Ä‘i lÃªn Ä‘Ã¢y khÃ´ng quÃ¡ khÃ³, cuá»‘c bá»™ 20p tá»« cáº§u cáº£ng lÃ  tá»›i nÆ¡i. Äá»©ng trÃªn Ä‘á»‰nh háº£i Ä‘Äƒng báº¡n sáº½ cÃ³ táº§m nhÃ¬n bao quÃ¡t toÃ n bá»™ Ä‘áº£o, tá»« khu dÃ¢n cÆ°, vÃ¹ng biá»ƒn á»Ÿ trÆ°á»›c vá»›i tÃ u thuyá»n Ä‘áº­u ráº­p rÃ¬nh, quang cáº£nh ráº¥t áº¥n tÆ°á»£ng.",0,0,0,0,0,0,5.0,0.0,0.0,0.0,0.0,0.0,giai_tri 
"Máº·c dÃ¹ Ã­t khÃ¡ch nhÆ°ng chÃºng tÃ´i váº«n Ä‘Æ°á»£c hÆ°á»Ÿng Æ°u Ä‘Ã£i tá»‘t nháº¥t. CÃ¡c nhÃ¢n viÃªn lá»… tÃ¢n, phá»¥c vá»¥ nhÃ  hÃ ng cÅ©ng nhÆ° phá»¥c vá»¥ phÃ²ng, sÃ¢n vÆ°á»n ráº¥t thÃ¢n thiá»‡n vÃ  nhiá»‡t tÃ¬nh.",0,5,0,0,0,0,0.0,5.0,5.0,0.0,0.0,0.0,nha_hang 
"Máº·c dÃ¹ thá»©c Äƒn ráº¥t ngon nhÆ°ng tÃ´i nghÄ© nÃ³ hÆ¡i Ä‘áº¯t. ChÃºng tÃ´i Ä‘Ã£ Ä‘áº·t hÃ ng giao hÃ ng, nÃ³ Ä‘áº¿n cÃ¹ng thá»i gian mÃ  há» bÃ¡o giÃ¡. KhÃ´ng cÃ³ dá»¥ng cá»¥ Äƒn uá»‘ng, KhÃ´ng cÃ³ khÄƒn Äƒn, khÃ´ng cÃ³ Ä‘Ä©a.",0,0,2,4,0,0,0.0,0.0,0.0,2.0,0.0,0.0,nha_hang 
"TÃ´i khÃ´ng thÃ­ch viáº¿t cÃ¡c Ä‘Ã¡nh giÃ¡ tiÃªu cá»±c nhÆ°ng tÃ´i thá»±c sá»± tháº¥t vá»ng vá»›i NhÃ  hÃ ng 96. Thá»©c Äƒn á»Ÿ má»©c trung bÃ¬nh vÃ  giÃ¡ quÃ¡ cao, vá»›i mÃ³n phá»Ÿ cá»§a tÃ´i thiáº¿u hÆ°Æ¡ng vá»‹ thá»±c sá»±. Vá»›i ráº¥t nhiá»u Ä‘á»‹a Ä‘iá»ƒm Ä‘á»‹a phÆ°Æ¡ng tuyá»‡t vá»i Ä‘á»ƒ Ä‘i Ä‘áº¿n, tÃ´i khuyÃªn báº¡n nÃªn tráº£ Ã­t hÆ¡n vÃ  Ä‘i xÃ¡c thá»±c. Báº¡n sáº½ khÃ´ng tÃ¬m tháº¥y báº¥t ká»³ ngÆ°á»i dÃ¢n Ä‘á»‹a phÆ°Æ¡ng nÃ o á»Ÿ Ä‘Ã¢y. GiÃ¡ niÃªm yáº¿t báº±ng Ä‘Ã´ la Má»¹ cÃ³ láº½ nÃªn Ä‘Æ°á»£c cho Ä‘i. NhÃ¢n viÃªn ráº¥t Ä‘Ã¡ng yÃªu máº·c dÃ¹.",4,0,1,2,0,0,0.0,0.0,2.0,2.0,0.0,0.0,giai_tri 
"Thá»i gian cÃ´ng tÃ¡c á»Ÿ Qui NhÆ¡n Ä‘Æ°á»£c ghÃ© nhÃ  hÃ ng nÃ y nhiá»u láº§n. NÃ³i chung lÃ  khÃ´ng gian quÃ¡n thoÃ¡ng Ä‘Ã£ng , rá»™ng rÃ£i vÃ  mÃ¡t máº» . NhÃ¢n viÃªn phá»¥c vá»¥ nhanh nháº¹n , thÃ¢n thiá»‡n vá»›i khÃ¡ch hÃ ng . Thá»i gian cháº¿ biáº¿n mÃ³n Äƒn hÆ¡i lÃ¢u má»™t tÃ­ nhÆ°ng bÃ¹ láº¡i Ä‘Æ°á»£c Äƒn ngon nÃªn cÅ©ng Ä‘Ã¡ng Ä‘á»ƒ chá» Ä‘á»£i. So vá»›i máº·t báº±ng nhÃ  hÃ ng thÃ¬ giÃ¡ cáº£ á»Ÿ Ä‘Ã¢y cÅ©ng khÃ´ng Ä‘áº¯t láº¯m . Äá»“ Äƒn á»Ÿ Ä‘Ã¢y cÃ³ nhiá»u mÃ³n ngon láº¡, cÃ¡ch cháº¿ biáº¿n cÅ©ng khÃ¡ háº¥p dáº«n . Æ¯ng nháº¥t lÃ  mÃ³n hÃ u phÃ´ mai vÃ  sÃºp khoai tÃ¢y háº£i sáº£n. Mem nÃ o mÃª háº£i sáº£n nháº¥t Ä‘á»‹nh pháº£i ghÃ© Ä‘Ã¢y Äƒn thá»­ nÃ .",0,0,0,5,0,0,0.0,0.0,5.0,5.0,0.0,0.0,nha_hang 
"KhÃ´ng gian áº¥m cÃºng, nhÃ¢n viÃªn nhiá»‡t tÃ¬nh há»— trá»£ khÃ¡ch, thá»©c Äƒn ngon, cÃ¡c loáº¡i cÃ¡ Ä‘á»u tÆ°Æ¡i, 100 Ä‘iá»ƒm",5,0,5,5,0,0,0.0,0.0,5.0,5.0,0.0,0.0,giai_tri 
Tá»« lÃºc tÃ´i gá»­i lá»i há»i thÄƒm cho Ä‘áº¿n lÃºc tÃ i xáº¿ dá»¡ toÃ n bá»™ hÃ nh lÃ½ cá»§a chÃºng tÃ´i! 5 sao! â­ï¸,5,0,0,0,0,0,0.0,0.0,0.0,0.0,0.0,0.0,giai_tri 
"NhÃ¢n viÃªn chuyÃªn nghiá»‡p, xá»­ lÃ½ nhanh cÃ¡c yÃªu cáº§u cá»§a khÃ¡ch.",0,5,5,0,0,0,0.0,5.0,0.0,0.0,0.0,0.0,nha_hang 
"hÃ  náº¿u báº¡n Ä‘i Äƒn tá»‘i, hÃ£y mong Ä‘á»£i ráº±ng há» khÃ´ng phá»¥c vá»¥ mÃ³n dim sum .... khÃ¡ tháº¥t vá»ng vÃ¬ Ä‘Ã¢y lÃ  lÃ½ do chÃ­nh cá»§a chÃºng tÃ´i Ä‘á»ƒ Ä‘áº¿n. Vá»‹t Báº¯c Kinh cÅ©ng khÃ´ng cÃ³ sáºµn .... KhÃ´ng pháº£i nhÆ° nhá»¯ng gÃ¬ chÃºng tÃ´i mong Ä‘á»£i tá»« má»™t NhÃ  hÃ ng Ä‘Æ°á»£c cho lÃ  Cao cáº¥p!",0,0,0,2,0,0,0.0,0.0,2.0,2.0,0.0,0.0,nha_hang 
Thá»©c Äƒn khÃ´ng tÆ°Æ¡i + khÃ´ng ngon + phá»¥c vá»¥ siÃªu cháº­m nhÆ° khÃ´ng muá»‘n tiáº¿p khÃ¡ch. Never come back vÃ  cÅ©ng ko giá»›i thiá»‡u báº¡n bÃ¨,1,0,1,1,0,0,0.0,0.0,0.0,1.0,0.0,0.0,giai_tri nha_hang 
"Vá» khÃ´ng gian vÃ  cáº£ áº©m thá»±c, ráº¥t thÃ­ch há»£p cho cÃ¡c â€œtÃ­n Ä‘á»“â€ cá»§a Ä‘á»“ Äƒn phÆ°Æ¡ng TÃ¢y nhÃ©. MÃ³n soup bÃ­ Ä‘á» kem bÃ©o nguáº­y, lÃ m lÆ°u luyáº¿n dá»… sá»£. KhÃ´ng gian thÃ¬ hÆ¡i nhá», ghÃ© quÃ¡n bá»¯a trÆ°a thÃ¬ hÆ¡i á»“n tÃ­ nhÆ°ng kiá»ƒu áº¥m cÃºng.",0,0,3,3,0,0,0.0,0.0,0.0,4.0,0.0,0.0,nha_hang 
"QuÃ¡n cháº¯c lÃ m viá»‡c vá»›i lÃª tÃ¢n FLC Ä‘á»ƒ Ä‘Æ°a Ä‘Ã³n miá»…n phÃ­. NhÆ°ng Ä‘á»“ Äƒn thÃ¬ cÆ¡ báº£n Ä‘áº¯t vÃ  khÃ´ng tÆ°Æ¡i. LÃºc há»i nhÃ¢n viÃªn má»±c tÆ°Æ¡i khÃ´ng thÃ¬ nhÃ¢n viÃªn nÃ³i tÆ°Æ¡i, nhÆ°ng lÃºc mang ra thÃ¬ má»±c khÃ´ng tÆ°Æ¡i vÃ  cáº£m nháº­n Ä‘c ngay lÃ  Ä‘á»“ Ä‘Ã´ng láº¡nh. HÃ u nÆ°á»›ng má»¡ hÃ nh thÃ¬ quÃ¡ dá»Ÿ, 1 vá» mÃ  cÃ³ tá»›i 2 con hÃ u vÃ  khÃ´ng báº±ng quÃ¡n vá»‰a hÃ¨. Khuyáº¿n nghá»‹ du khÃ¡ch khÃ´ng nÃªn Ä‘áº¿n quÃ¡n nÃ y.",0,0,0,1,5,0,0.0,0.0,0.0,2.0,0.0,0.0,di_chuyen 
"Chuyáº¿n Ä‘i ráº¥t nhanh chÃ³ng vÃ  thoáº£i mÃ¡i. Cung cáº¥p chá»— á»Ÿ cho nhÃ³m cá»§a chÃºng tÃ´i Ä‘á»ƒ dá»«ng nhÃ  vá»‡ sinh (ngÃ´i nhÃ  háº¡nh phÃºc)
 vÃ  hÃ nh trÃ¬nh an toÃ n. 5 * thá»±c sá»± giá»›i thiá»‡u cÃ´ng ty nÃ y cho táº¥t cáº£ khÃ¡ch du lá»‹ch",0,0,0,0,5,0,5.0,0.0,0.0,0.0,5.0,0.0,giai_tri 
"CÃ´ng viÃªn nhá» xÃ­u xiu nhÆ°ng vá»‹ trÃ­ sÃ¡t biá»ƒn cá»±c kÃ¬ Ä‘áº¹p, Ä‘á»‘i diá»‡n vá»›i trÆ°á»ng ÄH Quy NhÆ¡n nÃªn cÃ¡c hoáº¡t Ä‘á»™ng thá»ƒ thao Ä‘Ã¡ banh, bÃ³ng chuyá»n, bÃ³ng rá»•,... trong cÃ´ng viÃªn vÃ  sÃ¡t bá» biá»ƒn cÅ©ng ráº¥t sinh Ä‘á»™ng. CÃ³ láº½ Ä‘Ã¢y lÃ  nÆ¡i thá»ƒ hiá»‡n rÃµ nháº¥t sá»©c tráº» cá»§a thanh niÃªn Quy NhÆ¡n, Ä‘áº·c biá»‡t lÃ  vÃ o sÃ¡ng sá»›m vÃ  chiá»u. á» Ä‘Ã¢y táº¯m biá»ƒn ráº¥t thÃ­ch. TrÃªn bá» cÃ³ cÃ¡c quáº§y hÃ ng rong nhá» vá»›i má»±c rim, bÃ¡nh trÃ¡ng dá»«a nÆ°á»›ng, cÃ³c á»•i xoÃ i cÅ©ng khÃ¡ ngon vÃ  siÃªu ráº». MÃ¬nh mua má»™t miáº¿ng xoÃ i to hay bÃ¡nh trÃ¡ng nÆ°á»›ng chá»‰ cÃ³ 3k :o~~~.
Tuy nhiÃªn, ngÆ°á»i dÃ¢n á»Ÿ khu vá»±c nÃ y cÃ²n hay xáº£ rÃ¡c nÃªn nhiá»u lÃºc khiáº¿n bÃ£i biá»ƒn nhÃ¬n hÆ¡i dÆ¡. Mong chÃ­nh quyá»n cÃ³ biá»‡n phÃ¡p kháº¯c phá»¥c.",0,0,0,0,0,0,4.0,0.0,0.0,4.0,0.0,0.0,giai_tri an_uong 
"Vá»±a háº£i sáº£n ngon, giÃ¡ má»m, ...nÃ³i chung dá»‹ch vá»¥ tá»‘t, cÃ³ thÃªm em tÃ­nh tiá»n máº¯t hÃ­ xinh xáº¯n. Háº¹n cÃ³ dá»‹p sáº½ quay láº¡i",0,0,0,5,0,0,0.0,0.0,0.0,0.0,0.0,5.0,an_uong mua_sam 
"Äáº·c biá»‡t, khu siÃªu thá»‹ táº§ng trá»‡t vá»›i nhiá»u sáº£n pháº©m tÆ°Æ¡i ngon, giÃ¡ pháº£i chÄƒng.",0,0,0,0,0,0,0.0,0.0,0.0,0.0,0.0,5.0,mua_sam 
"ChÃºng tÃ´i khÃ´ng thá»ƒ Ä‘Ã¡nh giÃ¡ chÃºng Ä‘á»§ cao, quáº£n trá»‹ viÃªn ráº¥t chu Ä‘Ã¡o. Chuyáº¿n bay tá»« ÄÃ  Náºµng cá»§a chÃºng tÃ´i bá»‹ trá»… 1 tiáº¿ng, 
sau khi cÃ³ tin cáº­p nháº­t, tÃ´i nháº¯n tin cho anh áº¥y qua facebook chat thÃ¬ há» thÃ´ng bÃ¡o lÃ  há» Ä‘Ã£ biáº¿t rá»“i do mÃ£ chuyáº¿n bay tÃ´i gá»­i cho há» khi Ä‘áº·t vÃ©. ChÃºng tÃ´i cÅ©ng báº¯t xe riÃªng Ä‘i thÄƒm Ä‘á»‹a Ä‘áº¡o Cá»§ Chi vÃ  xung quanh thÃ nh phá»‘. Dá»‹ch vá»¥ tuyá»‡t vá»i vÃ  nhá»¯ng chiáº¿c xe Ä‘áº¹p.",0,0,0,0,0,0,0.0,0.0,0.0,0.0,5.0,0.0,di_chuyen 
"Vá»‹ trÃ­ trung tÃ¢m. áº¨m thá»±c phong phÃº , phÃ²ng cÃ³ ban cÃ´ng trá»±c diá»‡n biá»ƒn, Ä‘áº¹p nhÃ¢n viÃªn dá»… thÆ°Æ¡ng, nhÃ  hÃ ng trÃªn táº§ng 18 ráº¥t chill cÃ³ dá»‹p sáº½ quay láº¡i.
Ráº¥t hÃ i lÃ²ng khi lÆ°u trÃº táº¡i Ä‘Ã¢y
Sáº½ giá»›i thiá»‡u báº¡n bÃ¨ Ä‘áº¿n nÆ¡i nÃ y",0,5,0,5,0,0,0.0,5.0,5.0,5.0,0.0,0.0,nha_hang 
"CÃ³ thá»ƒ Ä‘i bá»™ tá»« nÆ¡i chÃºng tÃ´i Ä‘Ã£ á»Ÿ vÃ  Ä‘Ã¡ng giÃ¡! CÃ³ trá»¥ sá»Ÿ táº¡i má»™t nhÃ  mÃ¡y lá»c thuá»‘c phiá»‡n cÅ© ...! Má»™t sá»± chÃ o Ä‘Ã³n thá»±c sá»± cá»§a ngÆ°á»i Viá»‡t Nam; dá»‹ch vá»¥ hiá»‡u quáº£, tÆ°Æ¡i cÆ°á»i; sá»± lá»±a chá»n tuyá»‡t vá»i trong thá»±c Ä‘Æ¡n vÃ  hÆ°Æ¡ng vá»‹ thÆ¡m ngon. NguyÃªn liá»‡u tÆ°Æ¡i ngon vÃ  giÃ¡ tá»‘t.",5,0,0,5,0,0,0.0,0.0,0.0,5.0,0.0,0.0,giai_tri 
